#
# There is insufficient memory for the Java Runtime Environment to continue.
# Native memory allocation (mmap) failed to map 527433728 bytes. Error detail: G1 virtual space
# Possible reasons:
#   The system is out of physical RAM or swap space
#   This process is running with CompressedOops enabled, and the Java Heap may be blocking the growth of the native heap
# Possible solutions:
#   Reduce memory load on the system
#   Increase physical memory or swap space
#   Check if swap backing store is full
#   Decrease Java heap size (-Xmx/-Xms)
#   Decrease number of Java threads
#   Decrease Java thread stack sizes (-Xss)
#   Set larger code cache with -XX:ReservedCodeCacheSize=
#   JVM is running with Unscaled Compressed Oops mode in which the Java heap is
#     placed in the first 4GB address space. The Java Heap base address is the
#     maximum limit for the native heap growth. Please use -XX:HeapBaseMinAddress
#     to set the Java Heap base and to place the Java Heap above 4GB virtual address.
# This output file may be truncated or incomplete.
#
#  Out of Memory Error (os_windows.cpp:3898), pid=3748, tid=14516
#
# JRE version: OpenJDK Runtime Environment (21.0.6) (build 21.0.6+-13368085-b895.109)
# Java VM: OpenJDK 64-Bit Server VM (21.0.6+-13368085-b895.109, mixed mode, tiered, compressed oops, compressed class ptrs, g1 gc, windows-amd64)
# No core dump will be written. Minidumps are not enabled by default on client versions of Windows
#

---------------  S U M M A R Y ------------

Command Line: --add-opens=java.base/java.lang=ALL-UNNAMED --add-opens=java.base/java.lang.invoke=ALL-UNNAMED --add-opens=java.base/java.util=ALL-UNNAMED --add-opens=java.prefs/java.util.prefs=ALL-UNNAMED --add-exports=jdk.compiler/com.sun.tools.javac.api=ALL-UNNAMED --add-exports=jdk.compiler/com.sun.tools.javac.util=ALL-UNNAMED --add-opens=java.base/java.util=ALL-UNNAMED --add-opens=java.prefs/java.util.prefs=ALL-UNNAMED --add-opens=java.base/java.nio.charset=ALL-UNNAMED --add-opens=java.base/java.net=ALL-UNNAMED --add-opens=java.base/java.util.concurrent.atomic=ALL-UNNAMED --add-opens=java.xml/javax.xml.namespace=ALL-UNNAMED -Xmx2048m -Dfile.encoding=UTF-8 -Duser.country=US -Duser.language=en -Duser.variant -javaagent:C:\Users\Kamogelo\.gradle\wrapper\dists\gradle-8.13-bin\5xuhj0ry160q40clulazy9h7d\gradle-8.13\lib\agents\gradle-instrumentation-agent-8.13.jar org.gradle.launcher.daemon.bootstrap.GradleDaemon 8.13

Host: 11th Gen Intel(R) Core(TM) i5-1155G7 @ 2.50GHz, 8 cores, 7G,  Windows 11 , 64 bit Build 22621 (10.0.22621.4974)
Time: Thu Nov 20 04:28:32 2025 South Africa Standard Time elapsed time: 897.360383 seconds (0d 0h 14m 57s)

---------------  T H R E A D  ---------------

Current thread (0x00000168dc1d8070):  VMThread "VM Thread"          [id=14516, stack(0x00000013aee00000,0x00000013aef00000) (1024K)]

Stack: [0x00000013aee00000,0x00000013aef00000]
Native frames: (J=compiled Java code, j=interpreted, Vv=VM code, C=native code)
V  [jvm.dll+0x6d0639]
V  [jvm.dll+0x85eb03]
V  [jvm.dll+0x86105e]
V  [jvm.dll+0x861743]
V  [jvm.dll+0x27e6e6]
V  [jvm.dll+0x6ccfd5]
V  [jvm.dll+0x6c0a8a]
V  [jvm.dll+0x35537b]
V  [jvm.dll+0x35cfd6]
V  [jvm.dll+0x3aef86]
V  [jvm.dll+0x3af258]
V  [jvm.dll+0x327a2c]
V  [jvm.dll+0x327ab7]
V  [jvm.dll+0x36d93c]
V  [jvm.dll+0x36c0ee]
V  [jvm.dll+0x327181]
V  [jvm.dll+0x36bb1b]
V  [jvm.dll+0x8674c8]
V  [jvm.dll+0x868844]
V  [jvm.dll+0x868d80]
V  [jvm.dll+0x869013]
V  [jvm.dll+0x806ed8]
V  [jvm.dll+0x6cef0d]
C  [ucrtbase.dll+0x29333]
C  [KERNEL32.DLL+0x1259d]
C  [ntdll.dll+0x5af38]

VM_Operation (0x00000013af6fe110): G1TryInitiateConcMark, mode: safepoint, requested by thread 0x00000168dc230f00


---------------  P R O C E S S  ---------------

Threads class SMR info:
_java_thread_list=0x00000168f708a4a0, length=160, elements={
0x00000168c499a140, 0x00000168dc1fa3e0, 0x00000168dc247c10, 0x00000168dc249920,
0x00000168dc227100, 0x00000168dc227c40, 0x00000168dc229e40, 0x00000168dc230470,
0x00000168dc230f00, 0x00000168dc308860, 0x00000168dc559660, 0x00000168e21c53c0,
0x00000168e2163bc0, 0x00000168e224d5d0, 0x00000168e20b0d10, 0x00000168e20b13a0,
0x00000168e20afff0, 0x00000168e20af960, 0x00000168e41ae440, 0x00000168e41ac370,
0x00000168e41ad090, 0x00000168e41ad720, 0x00000168e41aa2a0, 0x00000168e41addb0,
0x00000168e41abce0, 0x00000168e41a74b0, 0x00000168e41a8ef0, 0x00000168e41aead0,
0x00000168efe75de0, 0x00000168f0db5260, 0x00000168efe3c1e0, 0x00000168e41a8860,
0x00000168f0fb1fb0, 0x00000168f05f51d0, 0x00000168efe3cf00, 0x00000168f10fa470,
0x00000168f10f62d0, 0x00000168f10f9de0, 0x00000168f10fb190, 0x00000168f10f9750,
0x00000168f10f6960, 0x00000168f10f4f20, 0x00000168f10fb820, 0x00000168f10fab00,
0x00000168f10f4890, 0x00000168f10fbeb0, 0x00000168f10fc540, 0x00000168f10f55b0,
0x00000168f10f8a30, 0x00000168f10fcbd0, 0x00000168f10fd260, 0x00000168f10fd8f0,
0x00000168f10fdf80, 0x00000168f10f6ff0, 0x00000168f10fe610, 0x00000168f10f7680,
0x00000168f10feca0, 0x00000168f10f7d10, 0x00000168f10f83a0, 0x00000168f10ff9c0,
0x00000168f1101400, 0x00000168f1100050, 0x00000168f10f5c40, 0x00000168f1100d70,
0x00000168f1101a90, 0x00000168f1102120, 0x00000168f11027b0, 0x00000168f1102e40,
0x00000168f11034d0, 0x00000168f1103b60, 0x00000168f05e8cf0, 0x00000168f05edbb0,
0x00000168f05ec800, 0x00000168f05e7fd0, 0x00000168f05ece90, 0x00000168f05eadc0,
0x00000168f05ebae0, 0x00000168f05e8660, 0x00000168f05e9380, 0x00000168f05eb450,
0x00000168f05ea730, 0x00000168f05ee240, 0x00000168f05e9a10, 0x00000168f05f1030,
0x00000168f05ee8d0, 0x00000168f05ed520, 0x00000168f05ec170, 0x00000168f0dbc880,
0x00000168f0db5f80, 0x00000168f0db6ca0, 0x00000168f0dc2af0, 0x00000168f0dc1dd0,
0x00000168f0dbefe0, 0x00000168f0dc0a20, 0x00000168f0dc0390, 0x00000168f0dc10b0,
0x00000168f0dbfd00, 0x00000168f0dc1740, 0x00000168f0dc2460, 0x00000168e3afdbc0,
0x00000168e3afadd0, 0x00000168e3afc180, 0x00000168e3afe8e0, 0x00000168e3afc810,
0x00000168e3afcea0, 0x00000168e3afe250, 0x00000168e3aff600, 0x00000168e3affc90,
0x00000168e3b00320, 0x00000168e3b009b0, 0x00000168e3af9a20, 0x00000168e3b01040,
0x00000168efe75750, 0x00000168efe76470, 0x00000168efe722d0, 0x00000168efe72ff0,
0x00000168efe715b0, 0x00000168efe77eb0, 0x00000168efe77820, 0x00000168efe73d10,
0x00000168efe70f20, 0x00000168efe72960, 0x00000168efe743a0, 0x00000168efe78540,
0x00000168f17bc580, 0x00000168f17b7030, 0x00000168f17b6310, 0x00000168f17b76c0,
0x00000168f17b9790, 0x00000168f17b9e20, 0x00000168f17ba4b0, 0x00000168f17bb1d0,
0x00000168e41a7b40, 0x00000168e41aa930, 0x00000168e41aca00, 0x00000168e41a9c10,
0x00000168e41aafc0, 0x00000168e41ab650, 0x00000168e2c85510, 0x00000168e2c84160,
0x00000168e2c86f50, 0x00000168e2c88990, 0x00000168e20aec40, 0x00000168e20af2d0,
0x00000168e20b0680, 0x00000168ee507630, 0x00000168f05f72a0, 0x00000168f05f7930,
0x00000168f05f2a70, 0x00000168f05f5860, 0x00000168f05f3790, 0x00000168f05f6c10,
0x00000168f05f7fc0, 0x00000168f05f8650, 0x00000168f05f5ef0, 0x00000168f05f3100,
0x00000168f05f16c0, 0x00000168f05f6580, 0x00000168f05f8ce0, 0x00000168f7992a60
}

Java Threads: ( => current thread )
  0x00000168c499a140 JavaThread "main"                              [_thread_blocked, id=3984, stack(0x00000013ae700000,0x00000013ae800000) (1024K)]
  0x00000168dc1fa3e0 JavaThread "Reference Handler"          daemon [_thread_blocked, id=12668, stack(0x00000013aef00000,0x00000013af000000) (1024K)]
  0x00000168dc247c10 JavaThread "Finalizer"                  daemon [_thread_blocked, id=16008, stack(0x00000013af000000,0x00000013af100000) (1024K)]
  0x00000168dc249920 JavaThread "Signal Dispatcher"          daemon [_thread_blocked, id=8440, stack(0x00000013af100000,0x00000013af200000) (1024K)]
  0x00000168dc227100 JavaThread "Attach Listener"            daemon [_thread_blocked, id=14996, stack(0x00000013af200000,0x00000013af300000) (1024K)]
  0x00000168dc227c40 JavaThread "Service Thread"             daemon [_thread_blocked, id=18952, stack(0x00000013af300000,0x00000013af400000) (1024K)]
  0x00000168dc229e40 JavaThread "Monitor Deflation Thread"   daemon [_thread_blocked, id=16524, stack(0x00000013af400000,0x00000013af500000) (1024K)]
  0x00000168dc230470 JavaThread "C2 CompilerThread0"         daemon [_thread_blocked, id=3192, stack(0x00000013af500000,0x00000013af600000) (1024K)]
  0x00000168dc230f00 JavaThread "C1 CompilerThread0"         daemon [_thread_blocked, id=5528, stack(0x00000013af600000,0x00000013af700000) (1024K)]
  0x00000168dc308860 JavaThread "Common-Cleaner"             daemon [_thread_blocked, id=10096, stack(0x00000013af700000,0x00000013af800000) (1024K)]
  0x00000168dc559660 JavaThread "Notification Thread"        daemon [_thread_blocked, id=4016, stack(0x00000013af800000,0x00000013af900000) (1024K)]
  0x00000168e21c53c0 JavaThread "Daemon health stats"               [_thread_blocked, id=12468, stack(0x00000013afe00000,0x00000013aff00000) (1024K)]
  0x00000168e2163bc0 JavaThread "Incoming local TCP Connector on port 46387"        [_thread_in_native, id=1996, stack(0x00000013b0000000,0x00000013b0100000) (1024K)]
  0x00000168e224d5d0 JavaThread "Daemon periodic checks"            [_thread_blocked, id=6564, stack(0x00000013b0100000,0x00000013b0200000) (1024K)]
  0x00000168e20b0d10 JavaThread "Cache worker for journal cache (C:\Users\Kamogelo\.gradle\caches\journal-1)"        [_thread_blocked, id=10064, stack(0x00000013b0c00000,0x00000013b0d00000) (1024K)]
  0x00000168e20b13a0 JavaThread "File lock request listener"        [_thread_in_native, id=2624, stack(0x00000013b0d00000,0x00000013b0e00000) (1024K)]
  0x00000168e20afff0 JavaThread "Cache worker for file hash cache (C:\Users\Kamogelo\.gradle\caches\8.13\fileHashes)"        [_thread_blocked, id=18552, stack(0x00000013b0e00000,0x00000013b0f00000) (1024K)]
  0x00000168e20af960 JavaThread "File watcher server"        daemon [_thread_blocked, id=16200, stack(0x00000013b1100000,0x00000013b1200000) (1024K)]
  0x00000168e41ae440 JavaThread "File watcher consumer"      daemon [_thread_blocked, id=11300, stack(0x00000013b1200000,0x00000013b1300000) (1024K)]
  0x00000168e41ac370 JavaThread "jar transforms"                    [_thread_blocked, id=17504, stack(0x00000013b1300000,0x00000013b1400000) (1024K)]
  0x00000168e41ad090 JavaThread "jar transforms Thread 2"           [_thread_blocked, id=18760, stack(0x00000013b1400000,0x00000013b1500000) (1024K)]
  0x00000168e41ad720 JavaThread "jar transforms Thread 3"           [_thread_blocked, id=17708, stack(0x00000013b1500000,0x00000013b1600000) (1024K)]
  0x00000168e41aa2a0 JavaThread "jar transforms Thread 4"           [_thread_blocked, id=4616, stack(0x00000013b1600000,0x00000013b1700000) (1024K)]
  0x00000168e41addb0 JavaThread "jar transforms Thread 5"           [_thread_blocked, id=12080, stack(0x00000013b1700000,0x00000013b1800000) (1024K)]
  0x00000168e41abce0 JavaThread "jar transforms Thread 6"           [_thread_blocked, id=14936, stack(0x00000013b1800000,0x00000013b1900000) (1024K)]
  0x00000168e41a74b0 JavaThread "jar transforms Thread 7"           [_thread_blocked, id=5988, stack(0x00000013b1900000,0x00000013b1a00000) (1024K)]
  0x00000168e41a8ef0 JavaThread "jar transforms Thread 8"           [_thread_blocked, id=9372, stack(0x00000013b1a00000,0x00000013b1b00000) (1024K)]
  0x00000168e41aead0 JavaThread "Cache worker for file content cache (C:\Users\Kamogelo\.gradle\caches\8.13\fileContent)"        [_thread_blocked, id=11032, stack(0x00000013b1c00000,0x00000013b1d00000) (1024K)]
  0x00000168efe75de0 JavaThread "Memory manager"                    [_thread_blocked, id=19044, stack(0x00000013b4500000,0x00000013b4600000) (1024K)]
  0x00000168f0db5260 JavaThread "pool-4-thread-1"                   [_thread_blocked, id=13304, stack(0x00000013b3400000,0x00000013b3500000) (1024K)]
  0x00000168efe3c1e0 JavaThread "pool-7-thread-1"                   [_thread_blocked, id=1612, stack(0x00000013b2d00000,0x00000013b2e00000) (1024K)]
  0x00000168e41a8860 JavaThread "pool-10-thread-1"                  [_thread_blocked, id=10448, stack(0x00000013b2e00000,0x00000013b2f00000) (1024K)]
  0x00000168f0fb1fb0 JavaThread "pool-13-thread-1"                  [_thread_blocked, id=14052, stack(0x00000013b4100000,0x00000013b4200000) (1024K)]
  0x00000168f05f51d0 JavaThread "pool-16-thread-1"                  [_thread_blocked, id=5916, stack(0x00000013b2c00000,0x00000013b2d00000) (1024K)]
  0x00000168efe3cf00 JavaThread "pool-19-thread-1"                  [_thread_blocked, id=17336, stack(0x00000013ae400000,0x00000013ae500000) (1024K)]
  0x00000168f10fa470 JavaThread "Daemon Thread 8"                   [_thread_blocked, id=19492, stack(0x00000013ae500000,0x00000013ae600000) (1024K)]
  0x00000168f10f62d0 JavaThread "Handler for socket connection from /127.0.0.1:46387 to /127.0.0.1:20959"        [_thread_in_native, id=1432, stack(0x00000013ae600000,0x00000013ae700000) (1024K)]
  0x00000168f10f9de0 JavaThread "Cancel handler"                    [_thread_blocked, id=13924, stack(0x00000013aff00000,0x00000013b0000000) (1024K)]
  0x00000168f10fb190 JavaThread "Daemon worker Thread 5"            [_thread_blocked, id=13636, stack(0x00000013b0200000,0x00000013b0300000) (1024K)]
  0x00000168f10f9750 JavaThread "Asynchronous log dispatcher for DefaultDaemonConnection: socket connection from /127.0.0.1:46387 to /127.0.0.1:20959"        [_thread_blocked, id=20408, stack(0x00000013b0300000,0x00000013b0400000) (1024K)]
  0x00000168f10f6960 JavaThread "Stdin handler"                     [_thread_blocked, id=3948, stack(0x00000013b0400000,0x00000013b0500000) (1024K)]
  0x00000168f10f4f20 JavaThread "Daemon client event forwarder"        [_thread_blocked, id=11988, stack(0x00000013b0500000,0x00000013b0600000) (1024K)]
  0x00000168f10fb820 JavaThread "Cache worker for file hash cache (C:\Users\Kamogelo\AndroidStudioProjects\StudentNotesApp_Backend_v1\.gradle\8.13\fileHashes)"        [_thread_blocked, id=12020, stack(0x00000013b0600000,0x00000013b0700000) (1024K)]
  0x00000168f10fab00 JavaThread "Cache worker for Build Output Cleanup Cache (C:\Users\Kamogelo\AndroidStudioProjects\StudentNotesApp_Backend_v1\.gradle\buildOutputCleanup)"        [_thread_blocked, id=1800, stack(0x00000013b0700000,0x00000013b0800000) (1024K)]
  0x00000168f10f4890 JavaThread "Cache worker for checksums cache (C:\Users\Kamogelo\AndroidStudioProjects\StudentNotesApp_Backend_v1\.gradle\8.13\checksums)"        [_thread_blocked, id=296, stack(0x00000013b0800000,0x00000013b0900000) (1024K)]
  0x00000168f10fbeb0 JavaThread "Cache worker for cache directory md-supplier (C:\Users\Kamogelo\.gradle\caches\8.13\md-supplier)"        [_thread_blocked, id=2056, stack(0x00000013b0f00000,0x00000013b1000000) (1024K)]
  0x00000168f10fc540 JavaThread "Cache worker for cache directory md-rule (C:\Users\Kamogelo\.gradle\caches\8.13\md-rule)"        [_thread_blocked, id=18180, stack(0x00000013b1000000,0x00000013b1100000) (1024K)]
  0x00000168f10f55b0 JavaThread "Unconstrained build operations"        [_thread_blocked, id=18888, stack(0x00000013b1b00000,0x00000013b1c00000) (1024K)]
  0x00000168f10f8a30 JavaThread "Unconstrained build operations Thread 2"        [_thread_blocked, id=14072, stack(0x00000013b1d00000,0x00000013b1e00000) (1024K)]
  0x00000168f10fcbd0 JavaThread "Unconstrained build operations Thread 3"        [_thread_blocked, id=19852, stack(0x00000013b1e00000,0x00000013b1f00000) (1024K)]
  0x00000168f10fd260 JavaThread "Unconstrained build operations Thread 4"        [_thread_blocked, id=16344, stack(0x00000013b1f00000,0x00000013b2000000) (1024K)]
  0x00000168f10fd8f0 JavaThread "Unconstrained build operations Thread 5"        [_thread_blocked, id=18724, stack(0x00000013b2000000,0x00000013b2100000) (1024K)]
  0x00000168f10fdf80 JavaThread "Unconstrained build operations Thread 6"        [_thread_blocked, id=18368, stack(0x00000013b2100000,0x00000013b2200000) (1024K)]
  0x00000168f10f6ff0 JavaThread "Unconstrained build operations Thread 7"        [_thread_blocked, id=4516, stack(0x00000013b2200000,0x00000013b2300000) (1024K)]
  0x00000168f10fe610 JavaThread "Unconstrained build operations Thread 8"        [_thread_blocked, id=19220, stack(0x00000013b2400000,0x00000013b2500000) (1024K)]
  0x00000168f10f7680 JavaThread "Unconstrained build operations Thread 9"        [_thread_blocked, id=5532, stack(0x00000013b2500000,0x00000013b2600000) (1024K)]
  0x00000168f10feca0 JavaThread "Unconstrained build operations Thread 10"        [_thread_blocked, id=19200, stack(0x00000013b2600000,0x00000013b2700000) (1024K)]
  0x00000168f10f7d10 JavaThread "Unconstrained build operations Thread 11"        [_thread_blocked, id=16908, stack(0x00000013b2700000,0x00000013b2800000) (1024K)]
  0x00000168f10f83a0 JavaThread "Unconstrained build operations Thread 12"        [_thread_blocked, id=292, stack(0x00000013b2800000,0x00000013b2900000) (1024K)]
  0x00000168f10ff9c0 JavaThread "Unconstrained build operations Thread 13"        [_thread_blocked, id=13264, stack(0x00000013b2900000,0x00000013b2a00000) (1024K)]
  0x00000168f1101400 JavaThread "Unconstrained build operations Thread 14"        [_thread_blocked, id=18216, stack(0x00000013b2a00000,0x00000013b2b00000) (1024K)]
  0x00000168f1100050 JavaThread "build event listener"              [_thread_blocked, id=2316, stack(0x00000013b2b00000,0x00000013b2c00000) (1024K)]
  0x00000168f10f5c40 JavaThread "pool-22-thread-1"                  [_thread_blocked, id=18848, stack(0x00000013b2f00000,0x00000013b3000000) (1024K)]
  0x00000168f1100d70 JavaThread "build event listener"              [_thread_blocked, id=11176, stack(0x00000013b3000000,0x00000013b3100000) (1024K)]
  0x00000168f1101a90 JavaThread "included builds"                   [_thread_blocked, id=15240, stack(0x00000013b3100000,0x00000013b3200000) (1024K)]
  0x00000168f1102120 JavaThread "Execution worker"                  [_thread_blocked, id=9468, stack(0x00000013b3200000,0x00000013b3300000) (1024K)]
  0x00000168f11027b0 JavaThread "Execution worker Thread 2"         [_thread_blocked, id=14104, stack(0x00000013b3300000,0x00000013b3400000) (1024K)]
  0x00000168f1102e40 JavaThread "Execution worker Thread 3"         [_thread_blocked, id=15108, stack(0x00000013b3500000,0x00000013b3600000) (1024K)]
  0x00000168f11034d0 JavaThread "Execution worker Thread 4"         [_thread_blocked, id=8772, stack(0x00000013b3600000,0x00000013b3700000) (1024K)]
  0x00000168f1103b60 JavaThread "Execution worker Thread 5"         [_thread_blocked, id=11560, stack(0x00000013b3700000,0x00000013b3800000) (1024K)]
  0x00000168f05e8cf0 JavaThread "Execution worker Thread 6"         [_thread_blocked, id=12724, stack(0x00000013b3800000,0x00000013b3900000) (1024K)]
  0x00000168f05edbb0 JavaThread "Execution worker Thread 7"         [_thread_blocked, id=10916, stack(0x00000013b3900000,0x00000013b3a00000) (1024K)]
  0x00000168f05ec800 JavaThread "Cache worker for execution history cache (C:\Users\Kamogelo\AndroidStudioProjects\StudentNotesApp_Backend_v1\.gradle\8.13\executionHistory)"        [_thread_blocked, id=13872, stack(0x00000013b3a00000,0x00000013b3b00000) (1024K)]
  0x00000168f05e7fd0 JavaThread "Unconstrained build operations Thread 15"        [_thread_blocked, id=13524, stack(0x00000013b3b00000,0x00000013b3c00000) (1024K)]
  0x00000168f05ece90 JavaThread "Unconstrained build operations Thread 16"        [_thread_blocked, id=2704, stack(0x00000013b3c00000,0x00000013b3d00000) (1024K)]
  0x00000168f05eadc0 JavaThread "Unconstrained build operations Thread 17"        [_thread_blocked, id=1568, stack(0x00000013b3d00000,0x00000013b3e00000) (1024K)]
  0x00000168f05ebae0 JavaThread "Unconstrained build operations Thread 18"        [_thread_blocked, id=20072, stack(0x00000013b3e00000,0x00000013b3f00000) (1024K)]
  0x00000168f05e8660 JavaThread "Unconstrained build operations Thread 19"        [_thread_blocked, id=9176, stack(0x00000013b3f00000,0x00000013b4000000) (1024K)]
  0x00000168f05e9380 JavaThread "Unconstrained build operations Thread 20"        [_thread_blocked, id=13228, stack(0x00000013b4000000,0x00000013b4100000) (1024K)]
  0x00000168f05eb450 JavaThread "Unconstrained build operations Thread 21"        [_thread_blocked, id=13500, stack(0x00000013b4200000,0x00000013b4300000) (1024K)]
  0x00000168f05ea730 JavaThread "Unconstrained build operations Thread 22"        [_thread_blocked, id=3580, stack(0x00000013b4300000,0x00000013b4400000) (1024K)]
  0x00000168f05ee240 JavaThread "Unconstrained build operations Thread 23"        [_thread_blocked, id=10152, stack(0x00000013b4400000,0x00000013b4500000) (1024K)]
  0x00000168f05e9a10 JavaThread "Unconstrained build operations Thread 24"        [_thread_blocked, id=620, stack(0x00000013b4600000,0x00000013b4700000) (1024K)]
  0x00000168f05f1030 JavaThread "Unconstrained build operations Thread 25"        [_thread_blocked, id=1520, stack(0x00000013b4700000,0x00000013b4800000) (1024K)]
  0x00000168f05ee8d0 JavaThread "Unconstrained build operations Thread 26"        [_thread_blocked, id=6208, stack(0x00000013b4800000,0x00000013b4900000) (1024K)]
  0x00000168f05ed520 JavaThread "Unconstrained build operations Thread 27"        [_thread_blocked, id=1516, stack(0x00000013b4900000,0x00000013b4a00000) (1024K)]
  0x00000168f05ec170 JavaThread "Unconstrained build operations Thread 28"        [_thread_blocked, id=11456, stack(0x00000013b4a00000,0x00000013b4b00000) (1024K)]
  0x00000168f0dbc880 JavaThread "WorkerExecutor Queue"              [_thread_blocked, id=14028, stack(0x00000013b4b00000,0x00000013b4c00000) (1024K)]
  0x00000168f0db5f80 JavaThread "WorkerExecutor Queue Thread 2"        [_thread_blocked, id=14080, stack(0x00000013b2300000,0x00000013b2400000) (1024K)]
  0x00000168f0db6ca0 JavaThread "Unconstrained build operations Thread 29"        [_thread_blocked, id=7956, stack(0x00000013b4c00000,0x00000013b4d00000) (1024K)]
  0x00000168f0dc2af0 JavaThread "Unconstrained build operations Thread 30"        [_thread_blocked, id=6612, stack(0x00000013b4d00000,0x00000013b4e00000) (1024K)]
  0x00000168f0dc1dd0 JavaThread "Unconstrained build operations Thread 31"        [_thread_blocked, id=5748, stack(0x00000013b4e00000,0x00000013b4f00000) (1024K)]
  0x00000168f0dbefe0 JavaThread "Unconstrained build operations Thread 32"        [_thread_blocked, id=5340, stack(0x00000013b4f00000,0x00000013b5000000) (1024K)]
  0x00000168f0dc0a20 JavaThread "Unconstrained build operations Thread 33"        [_thread_blocked, id=780, stack(0x00000013b5000000,0x00000013b5100000) (1024K)]
  0x00000168f0dc0390 JavaThread "Unconstrained build operations Thread 34"        [_thread_blocked, id=10248, stack(0x00000013b5100000,0x00000013b5200000) (1024K)]
  0x00000168f0dc10b0 JavaThread "Unconstrained build operations Thread 35"        [_thread_blocked, id=18828, stack(0x00000013b5200000,0x00000013b5300000) (1024K)]
  0x00000168f0dbfd00 JavaThread "Unconstrained build operations Thread 36"        [_thread_blocked, id=16052, stack(0x00000013b5300000,0x00000013b5400000) (1024K)]
  0x00000168f0dc1740 JavaThread "Unconstrained build operations Thread 37"        [_thread_blocked, id=18680, stack(0x00000013b5400000,0x00000013b5500000) (1024K)]
  0x00000168f0dc2460 JavaThread "Unconstrained build operations Thread 38"        [_thread_blocked, id=17540, stack(0x00000013b5500000,0x00000013b5600000) (1024K)]
  0x00000168e3afdbc0 JavaThread "Unconstrained build operations Thread 39"        [_thread_blocked, id=14360, stack(0x00000013b5600000,0x00000013b5700000) (1024K)]
  0x00000168e3afadd0 JavaThread "Unconstrained build operations Thread 40"        [_thread_blocked, id=12048, stack(0x00000013b5700000,0x00000013b5800000) (1024K)]
  0x00000168e3afc180 JavaThread "Unconstrained build operations Thread 41"        [_thread_blocked, id=10476, stack(0x00000013b5800000,0x00000013b5900000) (1024K)]
  0x00000168e3afe8e0 JavaThread "Unconstrained build operations Thread 42"        [_thread_blocked, id=19140, stack(0x00000013b5900000,0x00000013b5a00000) (1024K)]
  0x00000168e3afc810 JavaThread "Unconstrained build operations Thread 43"        [_thread_blocked, id=432, stack(0x00000013b5b00000,0x00000013b5c00000) (1024K)]
  0x00000168e3afcea0 JavaThread "Unconstrained build operations Thread 44"        [_thread_blocked, id=20160, stack(0x00000013b5c00000,0x00000013b5d00000) (1024K)]
  0x00000168e3afe250 JavaThread "Unconstrained build operations Thread 45"        [_thread_blocked, id=2500, stack(0x00000013b5d00000,0x00000013b5e00000) (1024K)]
  0x00000168e3aff600 JavaThread "Unconstrained build operations Thread 46"        [_thread_blocked, id=12416, stack(0x00000013b5e00000,0x00000013b5f00000) (1024K)]
  0x00000168e3affc90 JavaThread "Unconstrained build operations Thread 47"        [_thread_blocked, id=11912, stack(0x00000013b5f00000,0x00000013b6000000) (1024K)]
  0x00000168e3b00320 JavaThread "Unconstrained build operations Thread 48"        [_thread_blocked, id=11652, stack(0x00000013b6000000,0x00000013b6100000) (1024K)]
  0x00000168e3b009b0 JavaThread "Unconstrained build operations Thread 49"        [_thread_blocked, id=17700, stack(0x00000013b6100000,0x00000013b6200000) (1024K)]
  0x00000168e3af9a20 JavaThread "Unconstrained build operations Thread 50"        [_thread_blocked, id=19968, stack(0x00000013b6200000,0x00000013b6300000) (1024K)]
  0x00000168e3b01040 JavaThread "Unconstrained build operations Thread 51"        [_thread_blocked, id=4600, stack(0x00000013b6300000,0x00000013b6400000) (1024K)]
  0x00000168efe75750 JavaThread "Unconstrained build operations Thread 52"        [_thread_blocked, id=9168, stack(0x00000013b6400000,0x00000013b6500000) (1024K)]
  0x00000168efe76470 JavaThread "Unconstrained build operations Thread 53"        [_thread_blocked, id=18308, stack(0x00000013b6500000,0x00000013b6600000) (1024K)]
  0x00000168efe722d0 JavaThread "Unconstrained build operations Thread 54"        [_thread_blocked, id=18992, stack(0x00000013b6600000,0x00000013b6700000) (1024K)]
  0x00000168efe72ff0 JavaThread "Unconstrained build operations Thread 55"        [_thread_blocked, id=16572, stack(0x00000013b6700000,0x00000013b6800000) (1024K)]
  0x00000168efe715b0 JavaThread "Unconstrained build operations Thread 56"        [_thread_blocked, id=16828, stack(0x00000013b6800000,0x00000013b6900000) (1024K)]
  0x00000168efe77eb0 JavaThread "Unconstrained build operations Thread 57"        [_thread_blocked, id=19188, stack(0x00000013b6900000,0x00000013b6a00000) (1024K)]
  0x00000168efe77820 JavaThread "Unconstrained build operations Thread 58"        [_thread_blocked, id=2812, stack(0x00000013b6a00000,0x00000013b6b00000) (1024K)]
  0x00000168efe73d10 JavaThread "Unconstrained build operations Thread 59"        [_thread_blocked, id=16856, stack(0x00000013b6b00000,0x00000013b6c00000) (1024K)]
  0x00000168efe70f20 JavaThread "Unconstrained build operations Thread 60"        [_thread_blocked, id=7016, stack(0x00000013b6c00000,0x00000013b6d00000) (1024K)]
  0x00000168efe72960 JavaThread "Unconstrained build operations Thread 61"        [_thread_blocked, id=12156, stack(0x00000013b6d00000,0x00000013b6e00000) (1024K)]
  0x00000168efe743a0 JavaThread "Unconstrained build operations Thread 62"        [_thread_blocked, id=16576, stack(0x00000013b6e00000,0x00000013b6f00000) (1024K)]
  0x00000168efe78540 JavaThread "Unconstrained build operations Thread 63"        [_thread_blocked, id=4836, stack(0x00000013b6f00000,0x00000013b7000000) (1024K)]
  0x00000168f17bc580 JavaThread "Unconstrained build operations Thread 64"        [_thread_blocked, id=4908, stack(0x00000013b5a00000,0x00000013b5b00000) (1024K)]
  0x00000168f17b7030 JavaThread "Unconstrained build operations Thread 65"        [_thread_blocked, id=17636, stack(0x00000013b7000000,0x00000013b7100000) (1024K)]
  0x00000168f17b6310 JavaThread "Unconstrained build operations Thread 66"        [_thread_blocked, id=6308, stack(0x00000013b7100000,0x00000013b7200000) (1024K)]
  0x00000168f17b76c0 JavaThread "Unconstrained build operations Thread 67"        [_thread_blocked, id=9960, stack(0x00000013b7200000,0x00000013b7300000) (1024K)]
  0x00000168f17b9790 JavaThread "Unconstrained build operations Thread 68"        [_thread_blocked, id=19424, stack(0x00000013b7300000,0x00000013b7400000) (1024K)]
  0x00000168f17b9e20 JavaThread "Unconstrained build operations Thread 69"        [_thread_blocked, id=912, stack(0x00000013b7400000,0x00000013b7500000) (1024K)]
  0x00000168f17ba4b0 JavaThread "Unconstrained build operations Thread 70"        [_thread_blocked, id=20352, stack(0x00000013b7500000,0x00000013b7600000) (1024K)]
  0x00000168f17bb1d0 JavaThread "Unconstrained build operations Thread 71"        [_thread_blocked, id=7736, stack(0x00000013b7600000,0x00000013b7700000) (1024K)]
  0x00000168e41a7b40 JavaThread "Unconstrained build operations Thread 72"        [_thread_blocked, id=17872, stack(0x00000013b7700000,0x00000013b7800000) (1024K)]
  0x00000168e41aa930 JavaThread "Unconstrained build operations Thread 73"        [_thread_blocked, id=11184, stack(0x00000013b7800000,0x00000013b7900000) (1024K)]
  0x00000168e41aca00 JavaThread "Unconstrained build operations Thread 74"        [_thread_blocked, id=17360, stack(0x00000013b7900000,0x00000013b7a00000) (1024K)]
  0x00000168e41a9c10 JavaThread "Unconstrained build operations Thread 75"        [_thread_blocked, id=1828, stack(0x00000013b7a00000,0x00000013b7b00000) (1024K)]
  0x00000168e41aafc0 JavaThread "Unconstrained build operations Thread 76"        [_thread_blocked, id=18816, stack(0x00000013b7b00000,0x00000013b7c00000) (1024K)]
  0x00000168e41ab650 JavaThread "Unconstrained build operations Thread 77"        [_thread_blocked, id=4512, stack(0x00000013b7c00000,0x00000013b7d00000) (1024K)]
  0x00000168e2c85510 JavaThread "Unconstrained build operations Thread 78"        [_thread_blocked, id=17240, stack(0x00000013b7d00000,0x00000013b7e00000) (1024K)]
  0x00000168e2c84160 JavaThread "WorkerExecutor Queue Thread 3"        [_thread_blocked, id=11228, stack(0x00000013b7f00000,0x00000013b8000000) (1024K)]
  0x00000168e2c86f50 JavaThread "Unconstrained build operations Thread 79"        [_thread_blocked, id=8564, stack(0x00000013b8000000,0x00000013b8100000) (1024K)]
  0x00000168e2c88990 JavaThread "Unconstrained build operations Thread 80"        [_thread_blocked, id=9192, stack(0x00000013b8100000,0x00000013b8200000) (1024K)]
  0x00000168e20aec40 JavaThread "pool-23-thread-1"                  [_thread_blocked, id=1944, stack(0x00000013b8200000,0x00000013b8300000) (1024K)]
  0x00000168e20af2d0 JavaThread "stderr"                            [_thread_in_native, id=3876, stack(0x00000013b8300000,0x00000013b8400000) (1024K)]
  0x00000168e20b0680 JavaThread "stdout"                            [_thread_in_native, id=14128, stack(0x00000013b8400000,0x00000013b8500000) (1024K)]
  0x00000168ee507630 JavaThread "Cache worker for Java compile cache (C:\Users\Kamogelo\.gradle\caches\8.13\javaCompile)"        [_thread_blocked, id=2836, stack(0x00000013b8500000,0x00000013b8600000) (1024K)]
  0x00000168f05f72a0 JavaThread "Problems report writer"            [_thread_blocked, id=5088, stack(0x00000013b8600000,0x00000013b8700000) (1024K)]
  0x00000168f05f7930 JavaThread "Build operations"                  [_thread_blocked, id=10484, stack(0x00000013b8700000,0x00000013b8800000) (1024K)]
  0x00000168f05f2a70 JavaThread "Build operations Thread 2"         [_thread_blocked, id=16648, stack(0x00000013b8800000,0x00000013b8900000) (1024K)]
  0x00000168f05f5860 JavaThread "Build operations Thread 3"         [_thread_blocked, id=10100, stack(0x00000013b8900000,0x00000013b8a00000) (1024K)]
  0x00000168f05f3790 JavaThread "Build operations Thread 4"         [_thread_blocked, id=2628, stack(0x00000013b8a00000,0x00000013b8b00000) (1024K)]
  0x00000168f05f6c10 JavaThread "Build operations Thread 5"         [_thread_blocked, id=13748, stack(0x00000013b8b00000,0x00000013b8c00000) (1024K)]
  0x00000168f05f7fc0 JavaThread "Build operations Thread 6"         [_thread_blocked, id=15948, stack(0x00000013b8c00000,0x00000013b8d00000) (1024K)]
  0x00000168f05f8650 JavaThread "Build operations Thread 7"         [_thread_blocked, id=2616, stack(0x00000013b8d00000,0x00000013b8e00000) (1024K)]
  0x00000168f05f5ef0 JavaThread "WorkerExecutor Queue Thread 4"        [_thread_blocked, id=15488, stack(0x00000013b8e00000,0x00000013b8f00000) (1024K)]
  0x00000168f05f3100 JavaThread "WorkerExecutor Queue Thread 5"        [_thread_blocked, id=11312, stack(0x00000013b8f00000,0x00000013b9000000) (1024K)]
  0x00000168f05f16c0 JavaThread "WorkerExecutor Queue Thread 6"        [_thread_blocked, id=2092, stack(0x00000013b9000000,0x00000013b9100000) (1024K)]
  0x00000168f05f6580 JavaThread "WorkerExecutor Queue Thread 7"        [_thread_blocked, id=5356, stack(0x00000013b9100000,0x00000013b9200000) (1024K)]
  0x00000168f05f8ce0 JavaThread "WorkerExecutor Queue Thread 8"        [_thread_blocked, id=18296, stack(0x00000013b9200000,0x00000013b9300000) (1024K)]
  0x00000168f7992a60 JavaThread "C2 CompilerThread1"         daemon [_thread_blocked, id=16708, stack(0x00000013b7e00000,0x00000013b7f00000) (1024K)]
Total: 160

Other Threads:
=>0x00000168dc1d8070 VMThread "VM Thread"                           [id=14516, stack(0x00000013aee00000,0x00000013aef00000) (1024K)]
  0x00000168dc00e5c0 WatcherThread "VM Periodic Task Thread"        [id=19900, stack(0x00000013aed00000,0x00000013aee00000) (1024K)]
  0x00000168c49f2000 WorkerThread "GC Thread#0"                     [id=4556, stack(0x00000013ae800000,0x00000013ae900000) (1024K)]
  0x00000168dca26300 WorkerThread "GC Thread#1"                     [id=18408, stack(0x00000013af900000,0x00000013afa00000) (1024K)]
  0x00000168dca266a0 WorkerThread "GC Thread#2"                     [id=17420, stack(0x00000013afa00000,0x00000013afb00000) (1024K)]
  0x00000168e13086b0 WorkerThread "GC Thread#3"                     [id=18776, stack(0x00000013afc00000,0x00000013afd00000) (1024K)]
  0x00000168e14a5710 WorkerThread "GC Thread#4"                     [id=8300, stack(0x00000013afd00000,0x00000013afe00000) (1024K)]
  0x00000168e1eddcb0 WorkerThread "GC Thread#5"                     [id=8644, stack(0x00000013afb00000,0x00000013afc00000) (1024K)]
  0x00000168e2254560 WorkerThread "GC Thread#6"                     [id=17916, stack(0x00000013b0900000,0x00000013b0a00000) (1024K)]
  0x00000168e2253a80 WorkerThread "GC Thread#7"                     [id=16932, stack(0x00000013b0a00000,0x00000013b0b00000) (1024K)]
  0x00000168c4a02fe0 ConcurrentGCThread "G1 Main Marker"            [id=9376, stack(0x00000013ae900000,0x00000013aea00000) (1024K)]
  0x00000168c4a03ae0 WorkerThread "G1 Conc#0"                       [id=11104, stack(0x00000013aea00000,0x00000013aeb00000) (1024K)]
  0x00000168e2255040 WorkerThread "G1 Conc#1"                       [id=16136, stack(0x00000013b0b00000,0x00000013b0c00000) (1024K)]
  0x00000168dbee0550 ConcurrentGCThread "G1 Refine#0"               [id=10188, stack(0x00000013aeb00000,0x00000013aec00000) (1024K)]
  0x00000168dbee3ff0 ConcurrentGCThread "G1 Service"                [id=3360, stack(0x00000013aec00000,0x00000013aed00000) (1024K)]
Total: 15

Threads with active compile tasks:
C2 CompilerThread0  897406 40534       4       java.util.TimSort::mergeHi (732 bytes)
C1 CompilerThread0  897406 40565       3       com.android.tools.r8.dex.L::a (31 bytes)
C2 CompilerThread1  897406 40472       4       com.android.tools.r8.graph.l1::a (50 bytes)
Total: 3

VM state: at safepoint (normal execution)

VM Mutex/Monitor currently owned by a thread:  ([mutex/lock_event])
[0x00007ffec3a9e3a0] Threads_lock - owner thread: 0x00000168dc1d8070
[0x00007ffec3a9e4a0] Heap_lock - owner thread: 0x00000168dc230f00

Heap address: 0x0000000080000000, size: 2048 MB, Compressed Oops mode: 32-bit

CDS archive(s) not mapped
Compressed class space mapped at: 0x0000000100000000-0x0000000140000000, reserved size: 1073741824
Narrow klass base: 0x0000000000000000, Narrow klass shift: 3, Narrow klass range: 0x140000000

GC Precious Log:
 CardTable entry size: 512
 Card Set container configuration: InlinePtr #cards 5 size 8 Array Of Cards #cards 12 size 40 Howl #buckets 4 coarsen threshold 1843 Howl Bitmap #cards 512 size 80 coarsen threshold 460 Card regions per heap region 1 cards per card region 2048
 CPUs: 8 total, 8 available
 Memory: 7975M
 Large Page Support: Disabled
 NUMA Support: Disabled
 Compressed Oops: Enabled (32-bit)
 Heap Region Size: 1M
 Heap Min Capacity: 8M
 Heap Initial Capacity: 126M
 Heap Max Capacity: 2G
 Pre-touch: Disabled
 Parallel Workers: 8
 Concurrent Workers: 2
 Concurrent Refinement Workers: 8
 Periodic GC: Disabled

Heap:
 garbage-first heap   total 670720K, used 332369K [0x0000000080000000, 0x0000000100000000)
  region size 1024K, 4 young (4096K), 4 survivors (4096K)
 Metaspace       used 258076K, committed 261504K, reserved 1310720K
  class space    used 32392K, committed 34112K, reserved 1048576K

Heap Regions: E=young(eden), S=young(survivor), O=old, HS=humongous(starts), HC=humongous(continues), CS=collection set, F=free, TAMS=top-at-mark-start, PB=parsable bottom
|   0|0x0000000080000000, 0x0000000080100000, 0x0000000080100000|100%|HS|  |TAMS 0x0000000080100000| PB 0x0000000080000000| Complete 
|   1|0x0000000080100000, 0x0000000080200000, 0x0000000080200000|100%|HC|  |TAMS 0x0000000080200000| PB 0x0000000080100000| Complete 
|   2|0x0000000080200000, 0x0000000080300000, 0x0000000080300000|100%|HC|  |TAMS 0x0000000080300000| PB 0x0000000080200000| Complete 
|   3|0x0000000080300000, 0x0000000080400000, 0x0000000080400000|100%| O|  |TAMS 0x0000000080400000| PB 0x0000000080300000| Untracked 
|   4|0x0000000080400000, 0x0000000080500000, 0x0000000080500000|100%| O|  |TAMS 0x0000000080500000| PB 0x0000000080400000| Untracked 
|   5|0x0000000080500000, 0x0000000080600000, 0x0000000080600000|100%| O|  |TAMS 0x0000000080600000| PB 0x0000000080500000| Untracked 
|   6|0x0000000080600000, 0x0000000080700000, 0x0000000080700000|100%|HS|  |TAMS 0x0000000080700000| PB 0x0000000080600000| Complete 
|   7|0x0000000080700000, 0x0000000080800000, 0x0000000080800000|100%| O|  |TAMS 0x0000000080800000| PB 0x0000000080700000| Untracked 
|   8|0x0000000080800000, 0x0000000080900000, 0x0000000080900000|100%| O|  |TAMS 0x0000000080900000| PB 0x0000000080800000| Untracked 
|   9|0x0000000080900000, 0x0000000080a00000, 0x0000000080a00000|100%| O|  |TAMS 0x0000000080a00000| PB 0x0000000080900000| Untracked 
|  10|0x0000000080a00000, 0x0000000080b00000, 0x0000000080b00000|100%| O|  |TAMS 0x0000000080b00000| PB 0x0000000080a00000| Untracked 
|  11|0x0000000080b00000, 0x0000000080c00000, 0x0000000080c00000|100%| O|  |TAMS 0x0000000080c00000| PB 0x0000000080b00000| Untracked 
|  12|0x0000000080c00000, 0x0000000080cf7b58, 0x0000000080d00000| 96%| O|  |TAMS 0x0000000080cf7b58| PB 0x0000000080c00000| Untracked 
|  13|0x0000000080d00000, 0x0000000080e00000, 0x0000000080e00000|100%| O|  |TAMS 0x0000000080e00000| PB 0x0000000080d00000| Untracked 
|  14|0x0000000080e00000, 0x0000000080f00000, 0x0000000080f00000|100%| O|  |TAMS 0x0000000080f00000| PB 0x0000000080e00000| Untracked 
|  15|0x0000000080f00000, 0x0000000081000000, 0x0000000081000000|100%| O|  |TAMS 0x0000000081000000| PB 0x0000000080f00000| Untracked 
|  16|0x0000000081000000, 0x0000000081100000, 0x0000000081100000|100%| O|  |TAMS 0x0000000081100000| PB 0x0000000081000000| Untracked 
|  17|0x0000000081100000, 0x0000000081200000, 0x0000000081200000|100%| O|  |TAMS 0x0000000081200000| PB 0x0000000081100000| Untracked 
|  18|0x0000000081200000, 0x0000000081300000, 0x0000000081300000|100%|HS|  |TAMS 0x0000000081300000| PB 0x0000000081200000| Complete 
|  19|0x0000000081300000, 0x0000000081400000, 0x0000000081400000|100%|HC|  |TAMS 0x0000000081400000| PB 0x0000000081300000| Complete 
|  20|0x0000000081400000, 0x0000000081500000, 0x0000000081500000|100%|HC|  |TAMS 0x0000000081500000| PB 0x0000000081400000| Complete 
|  21|0x0000000081500000, 0x0000000081600000, 0x0000000081600000|100%|HC|  |TAMS 0x0000000081600000| PB 0x0000000081500000| Complete 
|  22|0x0000000081600000, 0x0000000081700000, 0x0000000081700000|100%|HC|  |TAMS 0x0000000081700000| PB 0x0000000081600000| Complete 
|  23|0x0000000081700000, 0x0000000081800000, 0x0000000081800000|100%|HC|  |TAMS 0x0000000081800000| PB 0x0000000081700000| Complete 
|  24|0x0000000081800000, 0x0000000081900000, 0x0000000081900000|100%|HS|  |TAMS 0x0000000081900000| PB 0x0000000081800000| Complete 
|  25|0x0000000081900000, 0x0000000081a00000, 0x0000000081a00000|100%|HC|  |TAMS 0x0000000081a00000| PB 0x0000000081900000| Complete 
|  26|0x0000000081a00000, 0x0000000081b00000, 0x0000000081b00000|100%|HC|  |TAMS 0x0000000081b00000| PB 0x0000000081a00000| Complete 
|  27|0x0000000081b00000, 0x0000000081c00000, 0x0000000081c00000|100%|HC|  |TAMS 0x0000000081c00000| PB 0x0000000081b00000| Complete 
|  28|0x0000000081c00000, 0x0000000081d00000, 0x0000000081d00000|100%|HS|  |TAMS 0x0000000081d00000| PB 0x0000000081c00000| Complete 
|  29|0x0000000081d00000, 0x0000000081e00000, 0x0000000081e00000|100%|HC|  |TAMS 0x0000000081e00000| PB 0x0000000081d00000| Complete 
|  30|0x0000000081e00000, 0x0000000081f00000, 0x0000000081f00000|100%|HS|  |TAMS 0x0000000081f00000| PB 0x0000000081e00000| Complete 
|  31|0x0000000081f00000, 0x0000000082000000, 0x0000000082000000|100%| O|  |TAMS 0x0000000082000000| PB 0x0000000081f00000| Untracked 
|  32|0x0000000082000000, 0x0000000082100000, 0x0000000082100000|100%| O|  |TAMS 0x0000000082100000| PB 0x0000000082000000| Untracked 
|  33|0x0000000082100000, 0x0000000082200000, 0x0000000082200000|100%| O|  |TAMS 0x0000000082200000| PB 0x0000000082100000| Untracked 
|  34|0x0000000082200000, 0x0000000082300000, 0x0000000082300000|100%| O|  |TAMS 0x0000000082300000| PB 0x0000000082200000| Untracked 
|  35|0x0000000082300000, 0x0000000082400000, 0x0000000082400000|100%| O|  |TAMS 0x0000000082400000| PB 0x0000000082300000| Untracked 
|  36|0x0000000082400000, 0x0000000082500000, 0x0000000082500000|100%| O|  |TAMS 0x0000000082500000| PB 0x0000000082400000| Untracked 
|  37|0x0000000082500000, 0x0000000082600000, 0x0000000082600000|100%| O|  |TAMS 0x0000000082600000| PB 0x0000000082500000| Untracked 
|  38|0x0000000082600000, 0x0000000082700000, 0x0000000082700000|100%| O|  |TAMS 0x0000000082700000| PB 0x0000000082600000| Untracked 
|  39|0x0000000082700000, 0x0000000082800000, 0x0000000082800000|100%| O|  |TAMS 0x0000000082800000| PB 0x0000000082700000| Untracked 
|  40|0x0000000082800000, 0x0000000082900000, 0x0000000082900000|100%|HS|  |TAMS 0x0000000082900000| PB 0x0000000082800000| Complete 
|  41|0x0000000082900000, 0x0000000082a00000, 0x0000000082a00000|100%| O|  |TAMS 0x0000000082a00000| PB 0x0000000082900000| Untracked 
|  42|0x0000000082a00000, 0x0000000082b00000, 0x0000000082b00000|100%| O|  |TAMS 0x0000000082b00000| PB 0x0000000082a00000| Untracked 
|  43|0x0000000082b00000, 0x0000000082c00000, 0x0000000082c00000|100%| O|  |TAMS 0x0000000082c00000| PB 0x0000000082b00000| Untracked 
|  44|0x0000000082c00000, 0x0000000082d00000, 0x0000000082d00000|100%|HS|  |TAMS 0x0000000082d00000| PB 0x0000000082c00000| Complete 
|  45|0x0000000082d00000, 0x0000000082e00000, 0x0000000082e00000|100%|HC|  |TAMS 0x0000000082e00000| PB 0x0000000082d00000| Complete 
|  46|0x0000000082e00000, 0x0000000082f00000, 0x0000000082f00000|100%| O|  |TAMS 0x0000000082f00000| PB 0x0000000082e00000| Untracked 
|  47|0x0000000082f00000, 0x0000000083000000, 0x0000000083000000|100%|HS|  |TAMS 0x0000000083000000| PB 0x0000000082f00000| Complete 
|  48|0x0000000083000000, 0x0000000083100000, 0x0000000083100000|100%|HC|  |TAMS 0x0000000083100000| PB 0x0000000083000000| Complete 
|  49|0x0000000083100000, 0x0000000083200000, 0x0000000083200000|100%|HC|  |TAMS 0x0000000083200000| PB 0x0000000083100000| Complete 
|  50|0x0000000083200000, 0x0000000083300000, 0x0000000083300000|100%|HC|  |TAMS 0x0000000083300000| PB 0x0000000083200000| Complete 
|  51|0x0000000083300000, 0x0000000083400000, 0x0000000083400000|100%|HC|  |TAMS 0x0000000083400000| PB 0x0000000083300000| Complete 
|  52|0x0000000083400000, 0x0000000083500000, 0x0000000083500000|100%|HC|  |TAMS 0x0000000083500000| PB 0x0000000083400000| Complete 
|  53|0x0000000083500000, 0x0000000083600000, 0x0000000083600000|100%|HS|  |TAMS 0x0000000083600000| PB 0x0000000083500000| Complete 
|  54|0x0000000083600000, 0x0000000083700000, 0x0000000083700000|100%|HC|  |TAMS 0x0000000083700000| PB 0x0000000083600000| Complete 
|  55|0x0000000083700000, 0x0000000083800000, 0x0000000083800000|100%|HC|  |TAMS 0x0000000083800000| PB 0x0000000083700000| Complete 
|  56|0x0000000083800000, 0x0000000083900000, 0x0000000083900000|100%|HC|  |TAMS 0x0000000083900000| PB 0x0000000083800000| Complete 
|  57|0x0000000083900000, 0x0000000083a00000, 0x0000000083a00000|100%|HC|  |TAMS 0x0000000083a00000| PB 0x0000000083900000| Complete 
|  58|0x0000000083a00000, 0x0000000083b00000, 0x0000000083b00000|100%|HC|  |TAMS 0x0000000083b00000| PB 0x0000000083a00000| Complete 
|  59|0x0000000083b00000, 0x0000000083c00000, 0x0000000083c00000|100%| O|  |TAMS 0x0000000083c00000| PB 0x0000000083b00000| Untracked 
|  60|0x0000000083c00000, 0x0000000083d00000, 0x0000000083d00000|100%| O|  |TAMS 0x0000000083d00000| PB 0x0000000083c00000| Untracked 
|  61|0x0000000083d00000, 0x0000000083e00000, 0x0000000083e00000|100%| O|  |TAMS 0x0000000083e00000| PB 0x0000000083d00000| Untracked 
|  62|0x0000000083e00000, 0x0000000083f00000, 0x0000000083f00000|100%| O|  |TAMS 0x0000000083f00000| PB 0x0000000083e00000| Untracked 
|  63|0x0000000083f00000, 0x0000000084000000, 0x0000000084000000|100%| O|  |TAMS 0x0000000084000000| PB 0x0000000083f00000| Untracked 
|  64|0x0000000084000000, 0x0000000084100000, 0x0000000084100000|100%| O|  |TAMS 0x0000000084100000| PB 0x0000000084000000| Untracked 
|  65|0x0000000084100000, 0x0000000084200000, 0x0000000084200000|100%| O|  |TAMS 0x0000000084200000| PB 0x0000000084100000| Untracked 
|  66|0x0000000084200000, 0x0000000084300000, 0x0000000084300000|100%| O|  |TAMS 0x0000000084300000| PB 0x0000000084200000| Untracked 
|  67|0x0000000084300000, 0x0000000084400000, 0x0000000084400000|100%| O|  |TAMS 0x0000000084400000| PB 0x0000000084300000| Untracked 
|  68|0x0000000084400000, 0x0000000084500000, 0x0000000084500000|100%| O|  |TAMS 0x0000000084500000| PB 0x0000000084400000| Untracked 
|  69|0x0000000084500000, 0x0000000084600000, 0x0000000084600000|100%| O|  |TAMS 0x0000000084600000| PB 0x0000000084500000| Untracked 
|  70|0x0000000084600000, 0x0000000084700000, 0x0000000084700000|100%| O|  |TAMS 0x0000000084700000| PB 0x0000000084600000| Untracked 
|  71|0x0000000084700000, 0x0000000084800000, 0x0000000084800000|100%| O|  |TAMS 0x0000000084800000| PB 0x0000000084700000| Untracked 
|  72|0x0000000084800000, 0x0000000084900000, 0x0000000084900000|100%| O|  |TAMS 0x0000000084900000| PB 0x0000000084800000| Untracked 
|  73|0x0000000084900000, 0x0000000084a00000, 0x0000000084a00000|100%| O|  |TAMS 0x0000000084a00000| PB 0x0000000084900000| Untracked 
|  74|0x0000000084a00000, 0x0000000084a00000, 0x0000000084b00000|  0%| F|  |TAMS 0x0000000084a00000| PB 0x0000000084a00000| Untracked 
|  75|0x0000000084b00000, 0x0000000084c00000, 0x0000000084c00000|100%| O|  |TAMS 0x0000000084c00000| PB 0x0000000084b00000| Untracked 
|  76|0x0000000084c00000, 0x0000000084d00000, 0x0000000084d00000|100%| O|  |TAMS 0x0000000084d00000| PB 0x0000000084c00000| Untracked 
|  77|0x0000000084d00000, 0x0000000084e00000, 0x0000000084e00000|100%| O|  |TAMS 0x0000000084e00000| PB 0x0000000084d00000| Untracked 
|  78|0x0000000084e00000, 0x0000000084f00000, 0x0000000084f00000|100%| O|  |TAMS 0x0000000084f00000| PB 0x0000000084e00000| Untracked 
|  79|0x0000000084f00000, 0x0000000085000000, 0x0000000085000000|100%| O|  |TAMS 0x0000000085000000| PB 0x0000000084f00000| Untracked 
|  80|0x0000000085000000, 0x0000000085100000, 0x0000000085100000|100%| O|  |TAMS 0x0000000085100000| PB 0x0000000085000000| Untracked 
|  81|0x0000000085100000, 0x0000000085200000, 0x0000000085200000|100%| O|  |TAMS 0x0000000085200000| PB 0x0000000085100000| Untracked 
|  82|0x0000000085200000, 0x0000000085300000, 0x0000000085300000|100%| O|  |TAMS 0x0000000085300000| PB 0x0000000085200000| Untracked 
|  83|0x0000000085300000, 0x0000000085400000, 0x0000000085400000|100%| O|  |TAMS 0x0000000085400000| PB 0x0000000085300000| Untracked 
|  84|0x0000000085400000, 0x0000000085500000, 0x0000000085500000|100%| O|  |TAMS 0x0000000085500000| PB 0x0000000085400000| Untracked 
|  85|0x0000000085500000, 0x0000000085600000, 0x0000000085600000|100%|HS|  |TAMS 0x0000000085600000| PB 0x0000000085500000| Complete 
|  86|0x0000000085600000, 0x0000000085700000, 0x0000000085700000|100%| O|  |TAMS 0x0000000085700000| PB 0x0000000085600000| Untracked 
|  87|0x0000000085700000, 0x0000000085800000, 0x0000000085800000|100%| O|  |TAMS 0x0000000085800000| PB 0x0000000085700000| Untracked 
|  88|0x0000000085800000, 0x0000000085900000, 0x0000000085900000|100%|HS|  |TAMS 0x0000000085900000| PB 0x0000000085800000| Complete 
|  89|0x0000000085900000, 0x0000000085a00000, 0x0000000085a00000|100%| O|  |TAMS 0x0000000085a00000| PB 0x0000000085900000| Untracked 
|  90|0x0000000085a00000, 0x0000000085b00000, 0x0000000085b00000|100%| O|  |TAMS 0x0000000085b00000| PB 0x0000000085a00000| Untracked 
|  91|0x0000000085b00000, 0x0000000085c00000, 0x0000000085c00000|100%| O|  |TAMS 0x0000000085c00000| PB 0x0000000085b00000| Untracked 
|  92|0x0000000085c00000, 0x0000000085d00000, 0x0000000085d00000|100%| O|  |TAMS 0x0000000085d00000| PB 0x0000000085c00000| Untracked 
|  93|0x0000000085d00000, 0x0000000085e00000, 0x0000000085e00000|100%| O|  |TAMS 0x0000000085e00000| PB 0x0000000085d00000| Untracked 
|  94|0x0000000085e00000, 0x0000000085f00000, 0x0000000085f00000|100%| O|  |TAMS 0x0000000085f00000| PB 0x0000000085e00000| Untracked 
|  95|0x0000000085f00000, 0x0000000086000000, 0x0000000086000000|100%| O|  |TAMS 0x0000000086000000| PB 0x0000000085f00000| Untracked 
|  96|0x0000000086000000, 0x0000000086100000, 0x0000000086100000|100%| O|  |TAMS 0x0000000086100000| PB 0x0000000086000000| Untracked 
|  97|0x0000000086100000, 0x0000000086200000, 0x0000000086200000|100%| O|  |TAMS 0x0000000086200000| PB 0x0000000086100000| Untracked 
|  98|0x0000000086200000, 0x0000000086300000, 0x0000000086300000|100%| O|  |TAMS 0x0000000086300000| PB 0x0000000086200000| Untracked 
|  99|0x0000000086300000, 0x0000000086400000, 0x0000000086400000|100%| O|  |TAMS 0x0000000086400000| PB 0x0000000086300000| Untracked 
| 100|0x0000000086400000, 0x0000000086500000, 0x0000000086500000|100%| O|  |TAMS 0x0000000086500000| PB 0x0000000086400000| Untracked 
| 101|0x0000000086500000, 0x0000000086600000, 0x0000000086600000|100%| O|  |TAMS 0x0000000086600000| PB 0x0000000086500000| Untracked 
| 102|0x0000000086600000, 0x0000000086700000, 0x0000000086700000|100%|HS|  |TAMS 0x0000000086700000| PB 0x0000000086600000| Complete 
| 103|0x0000000086700000, 0x0000000086800000, 0x0000000086800000|100%|HS|  |TAMS 0x0000000086800000| PB 0x0000000086700000| Complete 
| 104|0x0000000086800000, 0x0000000086900000, 0x0000000086900000|100%| O|  |TAMS 0x0000000086900000| PB 0x0000000086800000| Untracked 
| 105|0x0000000086900000, 0x0000000086a00000, 0x0000000086a00000|100%| O|  |TAMS 0x0000000086a00000| PB 0x0000000086900000| Untracked 
| 106|0x0000000086a00000, 0x0000000086b00000, 0x0000000086b00000|100%| O|  |TAMS 0x0000000086b00000| PB 0x0000000086a00000| Untracked 
| 107|0x0000000086b00000, 0x0000000086c00000, 0x0000000086c00000|100%| O|  |TAMS 0x0000000086c00000| PB 0x0000000086b00000| Untracked 
| 108|0x0000000086c00000, 0x0000000086d00000, 0x0000000086d00000|100%| O|  |TAMS 0x0000000086d00000| PB 0x0000000086c00000| Untracked 
| 109|0x0000000086d00000, 0x0000000086e00000, 0x0000000086e00000|100%| O|  |TAMS 0x0000000086e00000| PB 0x0000000086d00000| Untracked 
| 110|0x0000000086e00000, 0x0000000086f00000, 0x0000000086f00000|100%| O|  |TAMS 0x0000000086f00000| PB 0x0000000086e00000| Untracked 
| 111|0x0000000086f00000, 0x0000000087000000, 0x0000000087000000|100%| O|  |TAMS 0x0000000087000000| PB 0x0000000086f00000| Untracked 
| 112|0x0000000087000000, 0x0000000087100000, 0x0000000087100000|100%| O|  |TAMS 0x0000000087100000| PB 0x0000000087000000| Untracked 
| 113|0x0000000087100000, 0x0000000087200000, 0x0000000087200000|100%| O|  |TAMS 0x0000000087200000| PB 0x0000000087100000| Untracked 
| 114|0x0000000087200000, 0x0000000087300000, 0x0000000087300000|100%| O|  |TAMS 0x0000000087300000| PB 0x0000000087200000| Untracked 
| 115|0x0000000087300000, 0x0000000087400000, 0x0000000087400000|100%| O|  |TAMS 0x0000000087400000| PB 0x0000000087300000| Untracked 
| 116|0x0000000087400000, 0x0000000087500000, 0x0000000087500000|100%| O|  |TAMS 0x0000000087500000| PB 0x0000000087400000| Untracked 
| 117|0x0000000087500000, 0x0000000087600000, 0x0000000087600000|100%| O|  |TAMS 0x0000000087600000| PB 0x0000000087500000| Untracked 
| 118|0x0000000087600000, 0x0000000087700000, 0x0000000087700000|100%| O|  |TAMS 0x0000000087700000| PB 0x0000000087600000| Untracked 
| 119|0x0000000087700000, 0x0000000087800000, 0x0000000087800000|100%| O|  |TAMS 0x0000000087800000| PB 0x0000000087700000| Untracked 
| 120|0x0000000087800000, 0x0000000087900000, 0x0000000087900000|100%| O|  |TAMS 0x0000000087900000| PB 0x0000000087800000| Untracked 
| 121|0x0000000087900000, 0x0000000087a00000, 0x0000000087a00000|100%| O|  |TAMS 0x0000000087a00000| PB 0x0000000087900000| Untracked 
| 122|0x0000000087a00000, 0x0000000087b00000, 0x0000000087b00000|100%|HS|  |TAMS 0x0000000087b00000| PB 0x0000000087a00000| Complete 
| 123|0x0000000087b00000, 0x0000000087c00000, 0x0000000087c00000|100%|HS|  |TAMS 0x0000000087c00000| PB 0x0000000087b00000| Complete 
| 124|0x0000000087c00000, 0x0000000087d00000, 0x0000000087d00000|100%| O|  |TAMS 0x0000000087d00000| PB 0x0000000087c00000| Untracked 
| 125|0x0000000087d00000, 0x0000000087e00000, 0x0000000087e00000|100%|HS|  |TAMS 0x0000000087e00000| PB 0x0000000087d00000| Complete 
| 126|0x0000000087e00000, 0x0000000087f00000, 0x0000000087f00000|100%| O|  |TAMS 0x0000000087f00000| PB 0x0000000087e00000| Untracked 
| 127|0x0000000087f00000, 0x0000000088000000, 0x0000000088000000|100%| O|  |TAMS 0x0000000088000000| PB 0x0000000087f00000| Untracked 
| 128|0x0000000088000000, 0x0000000088100000, 0x0000000088100000|100%| O|  |TAMS 0x0000000088100000| PB 0x0000000088000000| Untracked 
| 129|0x0000000088100000, 0x0000000088200000, 0x0000000088200000|100%|HS|  |TAMS 0x0000000088200000| PB 0x0000000088100000| Complete 
| 130|0x0000000088200000, 0x0000000088300000, 0x0000000088300000|100%| O|  |TAMS 0x0000000088300000| PB 0x0000000088200000| Untracked 
| 131|0x0000000088300000, 0x0000000088400000, 0x0000000088400000|100%| O|  |TAMS 0x0000000088400000| PB 0x0000000088300000| Untracked 
| 132|0x0000000088400000, 0x0000000088500000, 0x0000000088500000|100%| O|  |TAMS 0x0000000088500000| PB 0x0000000088400000| Untracked 
| 133|0x0000000088500000, 0x0000000088600000, 0x0000000088600000|100%| O|  |TAMS 0x0000000088600000| PB 0x0000000088500000| Untracked 
| 134|0x0000000088600000, 0x0000000088700000, 0x0000000088700000|100%| O|  |TAMS 0x0000000088700000| PB 0x0000000088600000| Untracked 
| 135|0x0000000088700000, 0x0000000088800000, 0x0000000088800000|100%| O|  |TAMS 0x0000000088800000| PB 0x0000000088700000| Untracked 
| 136|0x0000000088800000, 0x0000000088900000, 0x0000000088900000|100%| O|  |TAMS 0x0000000088900000| PB 0x0000000088800000| Untracked 
| 137|0x0000000088900000, 0x0000000088a00000, 0x0000000088a00000|100%| O|  |TAMS 0x0000000088a00000| PB 0x0000000088900000| Untracked 
| 138|0x0000000088a00000, 0x0000000088b00000, 0x0000000088b00000|100%| O|  |TAMS 0x0000000088b00000| PB 0x0000000088a00000| Untracked 
| 139|0x0000000088b00000, 0x0000000088c00000, 0x0000000088c00000|100%| O|  |TAMS 0x0000000088c00000| PB 0x0000000088b00000| Untracked 
| 140|0x0000000088c00000, 0x0000000088d00000, 0x0000000088d00000|100%| O|  |TAMS 0x0000000088d00000| PB 0x0000000088c00000| Untracked 
| 141|0x0000000088d00000, 0x0000000088e00000, 0x0000000088e00000|100%| O|  |TAMS 0x0000000088e00000| PB 0x0000000088d00000| Untracked 
| 142|0x0000000088e00000, 0x0000000088f00000, 0x0000000088f00000|100%| O|  |TAMS 0x0000000088f00000| PB 0x0000000088e00000| Untracked 
| 143|0x0000000088f00000, 0x0000000089000000, 0x0000000089000000|100%| O|  |TAMS 0x0000000089000000| PB 0x0000000088f00000| Untracked 
| 144|0x0000000089000000, 0x0000000089100000, 0x0000000089100000|100%| O|  |TAMS 0x0000000089100000| PB 0x0000000089000000| Untracked 
| 145|0x0000000089100000, 0x0000000089200000, 0x0000000089200000|100%| O|  |TAMS 0x0000000089200000| PB 0x0000000089100000| Untracked 
| 146|0x0000000089200000, 0x0000000089300000, 0x0000000089300000|100%| O|  |TAMS 0x0000000089300000| PB 0x0000000089200000| Untracked 
| 147|0x0000000089300000, 0x0000000089400000, 0x0000000089400000|100%| O|  |TAMS 0x0000000089400000| PB 0x0000000089300000| Untracked 
| 148|0x0000000089400000, 0x0000000089500000, 0x0000000089500000|100%| O|  |TAMS 0x0000000089500000| PB 0x0000000089400000| Untracked 
| 149|0x0000000089500000, 0x0000000089600000, 0x0000000089600000|100%| O|  |TAMS 0x0000000089600000| PB 0x0000000089500000| Untracked 
| 150|0x0000000089600000, 0x0000000089700000, 0x0000000089700000|100%| O|  |TAMS 0x0000000089700000| PB 0x0000000089600000| Untracked 
| 151|0x0000000089700000, 0x0000000089800000, 0x0000000089800000|100%| O|  |TAMS 0x0000000089800000| PB 0x0000000089700000| Untracked 
| 152|0x0000000089800000, 0x0000000089900000, 0x0000000089900000|100%| O|  |TAMS 0x0000000089900000| PB 0x0000000089800000| Untracked 
| 153|0x0000000089900000, 0x0000000089a00000, 0x0000000089a00000|100%| O|  |TAMS 0x0000000089a00000| PB 0x0000000089900000| Untracked 
| 154|0x0000000089a00000, 0x0000000089b00000, 0x0000000089b00000|100%|HS|  |TAMS 0x0000000089b00000| PB 0x0000000089a00000| Complete 
| 155|0x0000000089b00000, 0x0000000089c00000, 0x0000000089c00000|100%|HC|  |TAMS 0x0000000089c00000| PB 0x0000000089b00000| Complete 
| 156|0x0000000089c00000, 0x0000000089d00000, 0x0000000089d00000|100%|HS|  |TAMS 0x0000000089d00000| PB 0x0000000089c00000| Complete 
| 157|0x0000000089d00000, 0x0000000089e00000, 0x0000000089e00000|100%|HC|  |TAMS 0x0000000089e00000| PB 0x0000000089d00000| Complete 
| 158|0x0000000089e00000, 0x0000000089f00000, 0x0000000089f00000|100%|HC|  |TAMS 0x0000000089f00000| PB 0x0000000089e00000| Complete 
| 159|0x0000000089f00000, 0x000000008a000000, 0x000000008a000000|100%|HC|  |TAMS 0x000000008a000000| PB 0x0000000089f00000| Complete 
| 160|0x000000008a000000, 0x000000008a100000, 0x000000008a100000|100%|HC|  |TAMS 0x000000008a100000| PB 0x000000008a000000| Complete 
| 161|0x000000008a100000, 0x000000008a200000, 0x000000008a200000|100%|HC|  |TAMS 0x000000008a200000| PB 0x000000008a100000| Complete 
| 162|0x000000008a200000, 0x000000008a300000, 0x000000008a300000|100%|HS|  |TAMS 0x000000008a300000| PB 0x000000008a200000| Complete 
| 163|0x000000008a300000, 0x000000008a400000, 0x000000008a400000|100%|HC|  |TAMS 0x000000008a400000| PB 0x000000008a300000| Complete 
| 164|0x000000008a400000, 0x000000008a500000, 0x000000008a500000|100%|HC|  |TAMS 0x000000008a500000| PB 0x000000008a400000| Complete 
| 165|0x000000008a500000, 0x000000008a600000, 0x000000008a600000|100%|HC|  |TAMS 0x000000008a600000| PB 0x000000008a500000| Complete 
| 166|0x000000008a600000, 0x000000008a700000, 0x000000008a700000|100%| O|  |TAMS 0x000000008a700000| PB 0x000000008a600000| Untracked 
| 167|0x000000008a700000, 0x000000008a800000, 0x000000008a800000|100%| O|  |TAMS 0x000000008a800000| PB 0x000000008a700000| Untracked 
| 168|0x000000008a800000, 0x000000008a900000, 0x000000008a900000|100%| O|  |TAMS 0x000000008a900000| PB 0x000000008a800000| Untracked 
| 169|0x000000008a900000, 0x000000008aa00000, 0x000000008aa00000|100%| O|  |TAMS 0x000000008aa00000| PB 0x000000008a900000| Untracked 
| 170|0x000000008aa00000, 0x000000008ab00000, 0x000000008ab00000|100%| O|  |TAMS 0x000000008ab00000| PB 0x000000008aa00000| Untracked 
| 171|0x000000008ab00000, 0x000000008ac00000, 0x000000008ac00000|100%| O|  |TAMS 0x000000008ac00000| PB 0x000000008ab00000| Untracked 
| 172|0x000000008ac00000, 0x000000008ad00000, 0x000000008ad00000|100%|HS|  |TAMS 0x000000008ad00000| PB 0x000000008ac00000| Complete 
| 173|0x000000008ad00000, 0x000000008ae00000, 0x000000008ae00000|100%|HC|  |TAMS 0x000000008ae00000| PB 0x000000008ad00000| Complete 
| 174|0x000000008ae00000, 0x000000008af00000, 0x000000008af00000|100%| O|  |TAMS 0x000000008af00000| PB 0x000000008ae00000| Untracked 
| 175|0x000000008af00000, 0x000000008b000000, 0x000000008b000000|100%| O|  |TAMS 0x000000008b000000| PB 0x000000008af00000| Untracked 
| 176|0x000000008b000000, 0x000000008b100000, 0x000000008b100000|100%| O|  |TAMS 0x000000008b100000| PB 0x000000008b000000| Untracked 
| 177|0x000000008b100000, 0x000000008b200000, 0x000000008b200000|100%| O|  |TAMS 0x000000008b200000| PB 0x000000008b100000| Untracked 
| 178|0x000000008b200000, 0x000000008b300000, 0x000000008b300000|100%| O|  |TAMS 0x000000008b300000| PB 0x000000008b200000| Untracked 
| 179|0x000000008b300000, 0x000000008b400000, 0x000000008b400000|100%| O|  |TAMS 0x000000008b400000| PB 0x000000008b300000| Untracked 
| 180|0x000000008b400000, 0x000000008b500000, 0x000000008b500000|100%| O|  |TAMS 0x000000008b500000| PB 0x000000008b400000| Untracked 
| 181|0x000000008b500000, 0x000000008b600000, 0x000000008b600000|100%| O|  |TAMS 0x000000008b600000| PB 0x000000008b500000| Untracked 
| 182|0x000000008b600000, 0x000000008b700000, 0x000000008b700000|100%| O|  |TAMS 0x000000008b700000| PB 0x000000008b600000| Untracked 
| 183|0x000000008b700000, 0x000000008b800000, 0x000000008b800000|100%| O|  |TAMS 0x000000008b800000| PB 0x000000008b700000| Untracked 
| 184|0x000000008b800000, 0x000000008b900000, 0x000000008b900000|100%| O|  |TAMS 0x000000008b900000| PB 0x000000008b800000| Untracked 
| 185|0x000000008b900000, 0x000000008b900000, 0x000000008ba00000|  0%| F|  |TAMS 0x000000008b900000| PB 0x000000008b900000| Untracked 
| 186|0x000000008ba00000, 0x000000008bb00000, 0x000000008bb00000|100%| O|  |TAMS 0x000000008bb00000| PB 0x000000008ba00000| Untracked 
| 187|0x000000008bb00000, 0x000000008bc00000, 0x000000008bc00000|100%| O|  |TAMS 0x000000008bc00000| PB 0x000000008bb00000| Untracked 
| 188|0x000000008bc00000, 0x000000008bd00000, 0x000000008bd00000|100%| O|  |TAMS 0x000000008bd00000| PB 0x000000008bc00000| Untracked 
| 189|0x000000008bd00000, 0x000000008be00000, 0x000000008be00000|100%| O|  |TAMS 0x000000008be00000| PB 0x000000008bd00000| Untracked 
| 190|0x000000008be00000, 0x000000008bf00000, 0x000000008bf00000|100%| O|  |TAMS 0x000000008bf00000| PB 0x000000008be00000| Untracked 
| 191|0x000000008bf00000, 0x000000008c000000, 0x000000008c000000|100%| O|  |TAMS 0x000000008c000000| PB 0x000000008bf00000| Untracked 
| 192|0x000000008c000000, 0x000000008c000000, 0x000000008c100000|  0%| F|  |TAMS 0x000000008c000000| PB 0x000000008c000000| Untracked 
| 193|0x000000008c100000, 0x000000008c200000, 0x000000008c200000|100%| O|  |TAMS 0x000000008c200000| PB 0x000000008c100000| Untracked 
| 194|0x000000008c200000, 0x000000008c300000, 0x000000008c300000|100%| O|  |TAMS 0x000000008c300000| PB 0x000000008c200000| Untracked 
| 195|0x000000008c300000, 0x000000008c400000, 0x000000008c400000|100%| O|  |TAMS 0x000000008c400000| PB 0x000000008c300000| Untracked 
| 196|0x000000008c400000, 0x000000008c500000, 0x000000008c500000|100%| O|  |TAMS 0x000000008c500000| PB 0x000000008c400000| Untracked 
| 197|0x000000008c500000, 0x000000008c600000, 0x000000008c600000|100%| O|  |TAMS 0x000000008c600000| PB 0x000000008c500000| Untracked 
| 198|0x000000008c600000, 0x000000008c700000, 0x000000008c700000|100%| O|  |TAMS 0x000000008c700000| PB 0x000000008c600000| Untracked 
| 199|0x000000008c700000, 0x000000008c800000, 0x000000008c800000|100%| O|  |TAMS 0x000000008c800000| PB 0x000000008c700000| Untracked 
| 200|0x000000008c800000, 0x000000008c900000, 0x000000008c900000|100%| O|  |TAMS 0x000000008c900000| PB 0x000000008c800000| Untracked 
| 201|0x000000008c900000, 0x000000008ca00000, 0x000000008ca00000|100%| O|  |TAMS 0x000000008ca00000| PB 0x000000008c900000| Untracked 
| 202|0x000000008ca00000, 0x000000008cb00000, 0x000000008cb00000|100%| O|  |TAMS 0x000000008cb00000| PB 0x000000008ca00000| Untracked 
| 203|0x000000008cb00000, 0x000000008cc00000, 0x000000008cc00000|100%| O|  |TAMS 0x000000008cc00000| PB 0x000000008cb00000| Untracked 
| 204|0x000000008cc00000, 0x000000008cd00000, 0x000000008cd00000|100%| O|  |TAMS 0x000000008cd00000| PB 0x000000008cc00000| Untracked 
| 205|0x000000008cd00000, 0x000000008ce00000, 0x000000008ce00000|100%| O|  |TAMS 0x000000008ce00000| PB 0x000000008cd00000| Untracked 
| 206|0x000000008ce00000, 0x000000008cf00000, 0x000000008cf00000|100%| O|  |TAMS 0x000000008cf00000| PB 0x000000008ce00000| Untracked 
| 207|0x000000008cf00000, 0x000000008cf00000, 0x000000008d000000|  0%| F|  |TAMS 0x000000008cf00000| PB 0x000000008cf00000| Untracked 
| 208|0x000000008d000000, 0x000000008d100000, 0x000000008d100000|100%| O|  |TAMS 0x000000008d100000| PB 0x000000008d000000| Untracked 
| 209|0x000000008d100000, 0x000000008d200000, 0x000000008d200000|100%| O|  |TAMS 0x000000008d200000| PB 0x000000008d100000| Untracked 
| 210|0x000000008d200000, 0x000000008d300000, 0x000000008d300000|100%| O|  |TAMS 0x000000008d300000| PB 0x000000008d200000| Untracked 
| 211|0x000000008d300000, 0x000000008d400000, 0x000000008d400000|100%| O|  |TAMS 0x000000008d400000| PB 0x000000008d300000| Untracked 
| 212|0x000000008d400000, 0x000000008d500000, 0x000000008d500000|100%| O|  |TAMS 0x000000008d500000| PB 0x000000008d400000| Untracked 
| 213|0x000000008d500000, 0x000000008d600000, 0x000000008d600000|100%| O|  |TAMS 0x000000008d600000| PB 0x000000008d500000| Untracked 
| 214|0x000000008d600000, 0x000000008d700000, 0x000000008d700000|100%| O|  |TAMS 0x000000008d700000| PB 0x000000008d600000| Untracked 
| 215|0x000000008d700000, 0x000000008d800000, 0x000000008d800000|100%| O|  |TAMS 0x000000008d800000| PB 0x000000008d700000| Untracked 
| 216|0x000000008d800000, 0x000000008d900000, 0x000000008d900000|100%| O|  |TAMS 0x000000008d900000| PB 0x000000008d800000| Untracked 
| 217|0x000000008d900000, 0x000000008da00000, 0x000000008da00000|100%| O|  |TAMS 0x000000008da00000| PB 0x000000008d900000| Untracked 
| 218|0x000000008da00000, 0x000000008db00000, 0x000000008db00000|100%| O|  |TAMS 0x000000008db00000| PB 0x000000008da00000| Untracked 
| 219|0x000000008db00000, 0x000000008dc00000, 0x000000008dc00000|100%| O|  |TAMS 0x000000008dc00000| PB 0x000000008db00000| Untracked 
| 220|0x000000008dc00000, 0x000000008dd00000, 0x000000008dd00000|100%| O|  |TAMS 0x000000008dd00000| PB 0x000000008dc00000| Untracked 
| 221|0x000000008dd00000, 0x000000008de00000, 0x000000008de00000|100%| O|  |TAMS 0x000000008de00000| PB 0x000000008dd00000| Untracked 
| 222|0x000000008de00000, 0x000000008df00000, 0x000000008df00000|100%| O|  |TAMS 0x000000008df00000| PB 0x000000008de00000| Untracked 
| 223|0x000000008df00000, 0x000000008e000000, 0x000000008e000000|100%| O|  |TAMS 0x000000008e000000| PB 0x000000008df00000| Untracked 
| 224|0x000000008e000000, 0x000000008e100000, 0x000000008e100000|100%| O|  |TAMS 0x000000008e100000| PB 0x000000008e000000| Untracked 
| 225|0x000000008e100000, 0x000000008e200000, 0x000000008e200000|100%| O|  |TAMS 0x000000008e200000| PB 0x000000008e100000| Untracked 
| 226|0x000000008e200000, 0x000000008e300000, 0x000000008e300000|100%| O|  |TAMS 0x000000008e300000| PB 0x000000008e200000| Untracked 
| 227|0x000000008e300000, 0x000000008e400000, 0x000000008e400000|100%| O|  |TAMS 0x000000008e400000| PB 0x000000008e300000| Untracked 
| 228|0x000000008e400000, 0x000000008e500000, 0x000000008e500000|100%| O|  |TAMS 0x000000008e500000| PB 0x000000008e400000| Untracked 
| 229|0x000000008e500000, 0x000000008e600000, 0x000000008e600000|100%| O|  |TAMS 0x000000008e600000| PB 0x000000008e500000| Untracked 
| 230|0x000000008e600000, 0x000000008e600000, 0x000000008e700000|  0%| F|  |TAMS 0x000000008e600000| PB 0x000000008e600000| Untracked 
| 231|0x000000008e700000, 0x000000008e800000, 0x000000008e800000|100%| O|  |TAMS 0x000000008e800000| PB 0x000000008e700000| Untracked 
| 232|0x000000008e800000, 0x000000008e900000, 0x000000008e900000|100%| O|  |TAMS 0x000000008e900000| PB 0x000000008e800000| Untracked 
| 233|0x000000008e900000, 0x000000008ea00000, 0x000000008ea00000|100%| O|  |TAMS 0x000000008ea00000| PB 0x000000008e900000| Untracked 
| 234|0x000000008ea00000, 0x000000008eb00000, 0x000000008eb00000|100%| O|  |TAMS 0x000000008eb00000| PB 0x000000008ea00000| Untracked 
| 235|0x000000008eb00000, 0x000000008ec00000, 0x000000008ec00000|100%| O|  |TAMS 0x000000008ec00000| PB 0x000000008eb00000| Untracked 
| 236|0x000000008ec00000, 0x000000008ed00000, 0x000000008ed00000|100%| O|  |TAMS 0x000000008ed00000| PB 0x000000008ec00000| Untracked 
| 237|0x000000008ed00000, 0x000000008ee00000, 0x000000008ee00000|100%| O|  |TAMS 0x000000008ee00000| PB 0x000000008ed00000| Untracked 
| 238|0x000000008ee00000, 0x000000008ef00000, 0x000000008ef00000|100%| O|  |TAMS 0x000000008ef00000| PB 0x000000008ee00000| Untracked 
| 239|0x000000008ef00000, 0x000000008f000000, 0x000000008f000000|100%| O|  |TAMS 0x000000008f000000| PB 0x000000008ef00000| Untracked 
| 240|0x000000008f000000, 0x000000008f100000, 0x000000008f100000|100%| O|  |TAMS 0x000000008f100000| PB 0x000000008f000000| Untracked 
| 241|0x000000008f100000, 0x000000008f200000, 0x000000008f200000|100%| O|  |TAMS 0x000000008f200000| PB 0x000000008f100000| Untracked 
| 242|0x000000008f200000, 0x000000008f300000, 0x000000008f300000|100%| O|  |TAMS 0x000000008f300000| PB 0x000000008f200000| Untracked 
| 243|0x000000008f300000, 0x000000008f400000, 0x000000008f400000|100%| O|  |TAMS 0x000000008f400000| PB 0x000000008f300000| Untracked 
| 244|0x000000008f400000, 0x000000008f500000, 0x000000008f500000|100%| O|  |TAMS 0x000000008f500000| PB 0x000000008f400000| Untracked 
| 245|0x000000008f500000, 0x000000008f600000, 0x000000008f600000|100%| O|  |TAMS 0x000000008f600000| PB 0x000000008f500000| Untracked 
| 246|0x000000008f600000, 0x000000008f700000, 0x000000008f700000|100%| O|  |TAMS 0x000000008f700000| PB 0x000000008f600000| Untracked 
| 247|0x000000008f700000, 0x000000008f800000, 0x000000008f800000|100%| O|  |TAMS 0x000000008f800000| PB 0x000000008f700000| Untracked 
| 248|0x000000008f800000, 0x000000008f900000, 0x000000008f900000|100%| O|  |TAMS 0x000000008f900000| PB 0x000000008f800000| Untracked 
| 249|0x000000008f900000, 0x000000008fa00000, 0x000000008fa00000|100%| O|  |TAMS 0x000000008fa00000| PB 0x000000008f900000| Untracked 
| 250|0x000000008fa00000, 0x000000008fb00000, 0x000000008fb00000|100%| O|  |TAMS 0x000000008fb00000| PB 0x000000008fa00000| Untracked 
| 251|0x000000008fb00000, 0x000000008fc00000, 0x000000008fc00000|100%| O|  |TAMS 0x000000008fc00000| PB 0x000000008fb00000| Untracked 
| 252|0x000000008fc00000, 0x000000008fd00000, 0x000000008fd00000|100%| O|  |TAMS 0x000000008fd00000| PB 0x000000008fc00000| Untracked 
| 253|0x000000008fd00000, 0x000000008fe00000, 0x000000008fe00000|100%| O|  |TAMS 0x000000008fe00000| PB 0x000000008fd00000| Untracked 
| 254|0x000000008fe00000, 0x000000008ff00000, 0x000000008ff00000|100%|HS|  |TAMS 0x000000008ff00000| PB 0x000000008fe00000| Complete 
| 255|0x000000008ff00000, 0x0000000090000000, 0x0000000090000000|100%|HC|  |TAMS 0x0000000090000000| PB 0x000000008ff00000| Complete 
| 256|0x0000000090000000, 0x0000000090100000, 0x0000000090100000|100%| O|  |TAMS 0x0000000090100000| PB 0x0000000090000000| Untracked 
| 257|0x0000000090100000, 0x0000000090200000, 0x0000000090200000|100%| O|  |TAMS 0x0000000090200000| PB 0x0000000090100000| Untracked 
| 258|0x0000000090200000, 0x0000000090300000, 0x0000000090300000|100%| O|  |TAMS 0x0000000090300000| PB 0x0000000090200000| Untracked 
| 259|0x0000000090300000, 0x0000000090400000, 0x0000000090400000|100%| O|  |TAMS 0x0000000090400000| PB 0x0000000090300000| Untracked 
| 260|0x0000000090400000, 0x0000000090500000, 0x0000000090500000|100%| O|  |TAMS 0x0000000090500000| PB 0x0000000090400000| Untracked 
| 261|0x0000000090500000, 0x0000000090600000, 0x0000000090600000|100%| O|  |TAMS 0x0000000090600000| PB 0x0000000090500000| Untracked 
| 262|0x0000000090600000, 0x0000000090700000, 0x0000000090700000|100%| O|  |TAMS 0x0000000090700000| PB 0x0000000090600000| Untracked 
| 263|0x0000000090700000, 0x0000000090800000, 0x0000000090800000|100%| O|  |TAMS 0x0000000090800000| PB 0x0000000090700000| Untracked 
| 264|0x0000000090800000, 0x0000000090900000, 0x0000000090900000|100%| O|  |TAMS 0x0000000090900000| PB 0x0000000090800000| Untracked 
| 265|0x0000000090900000, 0x0000000090a00000, 0x0000000090a00000|100%| O|  |TAMS 0x0000000090a00000| PB 0x0000000090900000| Untracked 
| 266|0x0000000090a00000, 0x0000000090b00000, 0x0000000090b00000|100%| O|  |TAMS 0x0000000090b00000| PB 0x0000000090a00000| Untracked 
| 267|0x0000000090b00000, 0x0000000090c00000, 0x0000000090c00000|100%| O|  |TAMS 0x0000000090c00000| PB 0x0000000090b00000| Untracked 
| 268|0x0000000090c00000, 0x0000000090d00000, 0x0000000090d00000|100%| O|  |TAMS 0x0000000090d00000| PB 0x0000000090c00000| Untracked 
| 269|0x0000000090d00000, 0x0000000090e00000, 0x0000000090e00000|100%| O|  |TAMS 0x0000000090e00000| PB 0x0000000090d00000| Untracked 
| 270|0x0000000090e00000, 0x0000000090f00000, 0x0000000090f00000|100%| O|  |TAMS 0x0000000090f00000| PB 0x0000000090e00000| Untracked 
| 271|0x0000000090f00000, 0x0000000091000000, 0x0000000091000000|100%| O|  |TAMS 0x0000000091000000| PB 0x0000000090f00000| Untracked 
| 272|0x0000000091000000, 0x0000000091100000, 0x0000000091100000|100%| O|  |TAMS 0x0000000091100000| PB 0x0000000091000000| Untracked 
| 273|0x0000000091100000, 0x0000000091200000, 0x0000000091200000|100%| O|  |TAMS 0x0000000091200000| PB 0x0000000091100000| Untracked 
| 274|0x0000000091200000, 0x0000000091300000, 0x0000000091300000|100%| O|  |TAMS 0x0000000091300000| PB 0x0000000091200000| Untracked 
| 275|0x0000000091300000, 0x0000000091400000, 0x0000000091400000|100%| O|  |TAMS 0x0000000091400000| PB 0x0000000091300000| Untracked 
| 276|0x0000000091400000, 0x0000000091500000, 0x0000000091500000|100%| O|  |TAMS 0x0000000091500000| PB 0x0000000091400000| Untracked 
| 277|0x0000000091500000, 0x0000000091600000, 0x0000000091600000|100%| O|  |TAMS 0x0000000091600000| PB 0x0000000091500000| Untracked 
| 278|0x0000000091600000, 0x0000000091700000, 0x0000000091700000|100%| O|  |TAMS 0x0000000091700000| PB 0x0000000091600000| Untracked 
| 279|0x0000000091700000, 0x0000000091800000, 0x0000000091800000|100%| O|  |TAMS 0x0000000091800000| PB 0x0000000091700000| Untracked 
| 280|0x0000000091800000, 0x0000000091900000, 0x0000000091900000|100%| O|  |TAMS 0x0000000091900000| PB 0x0000000091800000| Untracked 
| 281|0x0000000091900000, 0x0000000091a00000, 0x0000000091a00000|100%| O|  |TAMS 0x0000000091a00000| PB 0x0000000091900000| Untracked 
| 282|0x0000000091a00000, 0x0000000091b00000, 0x0000000091b00000|100%| O|  |TAMS 0x0000000091b00000| PB 0x0000000091a00000| Untracked 
| 283|0x0000000091b00000, 0x0000000091c00000, 0x0000000091c00000|100%| O|  |TAMS 0x0000000091c00000| PB 0x0000000091b00000| Untracked 
| 284|0x0000000091c00000, 0x0000000091d00000, 0x0000000091d00000|100%| O|  |TAMS 0x0000000091d00000| PB 0x0000000091c00000| Untracked 
| 285|0x0000000091d00000, 0x0000000091d00000, 0x0000000091e00000|  0%| F|  |TAMS 0x0000000091d00000| PB 0x0000000091d00000| Untracked 
| 286|0x0000000091e00000, 0x0000000091f00000, 0x0000000091f00000|100%| O|  |TAMS 0x0000000091f00000| PB 0x0000000091e00000| Untracked 
| 287|0x0000000091f00000, 0x0000000092000000, 0x0000000092000000|100%| O|  |TAMS 0x0000000092000000| PB 0x0000000091f00000| Untracked 
| 288|0x0000000092000000, 0x0000000092100000, 0x0000000092100000|100%| O|  |TAMS 0x0000000092100000| PB 0x0000000092000000| Untracked 
| 289|0x0000000092100000, 0x0000000092200000, 0x0000000092200000|100%| O|  |TAMS 0x0000000092200000| PB 0x0000000092100000| Untracked 
| 290|0x0000000092200000, 0x0000000092300000, 0x0000000092300000|100%| O|  |TAMS 0x0000000092300000| PB 0x0000000092200000| Untracked 
| 291|0x0000000092300000, 0x0000000092400000, 0x0000000092400000|100%| O|  |TAMS 0x0000000092400000| PB 0x0000000092300000| Untracked 
| 292|0x0000000092400000, 0x0000000092500000, 0x0000000092500000|100%| O|  |TAMS 0x0000000092500000| PB 0x0000000092400000| Untracked 
| 293|0x0000000092500000, 0x0000000092600000, 0x0000000092600000|100%| O|  |TAMS 0x0000000092600000| PB 0x0000000092500000| Untracked 
| 294|0x0000000092600000, 0x0000000092700000, 0x0000000092700000|100%| O|  |TAMS 0x0000000092700000| PB 0x0000000092600000| Untracked 
| 295|0x0000000092700000, 0x0000000092800000, 0x0000000092800000|100%| O|  |TAMS 0x0000000092800000| PB 0x0000000092700000| Untracked 
| 296|0x0000000092800000, 0x0000000092900000, 0x0000000092900000|100%| O|  |TAMS 0x0000000092900000| PB 0x0000000092800000| Untracked 
| 297|0x0000000092900000, 0x0000000092a00000, 0x0000000092a00000|100%| O|  |TAMS 0x0000000092a00000| PB 0x0000000092900000| Untracked 
| 298|0x0000000092a00000, 0x0000000092b00000, 0x0000000092b00000|100%| O|  |TAMS 0x0000000092b00000| PB 0x0000000092a00000| Untracked 
| 299|0x0000000092b00000, 0x0000000092c00000, 0x0000000092c00000|100%| O|  |TAMS 0x0000000092c00000| PB 0x0000000092b00000| Untracked 
| 300|0x0000000092c00000, 0x0000000092c00000, 0x0000000092d00000|  0%| F|  |TAMS 0x0000000092c00000| PB 0x0000000092c00000| Untracked 
| 301|0x0000000092d00000, 0x0000000092d00000, 0x0000000092e00000|  0%| F|  |TAMS 0x0000000092d00000| PB 0x0000000092d00000| Untracked 
| 302|0x0000000092e00000, 0x0000000092e00000, 0x0000000092f00000|  0%| F|  |TAMS 0x0000000092e00000| PB 0x0000000092e00000| Untracked 
| 303|0x0000000092f00000, 0x0000000092f00000, 0x0000000093000000|  0%| F|  |TAMS 0x0000000092f00000| PB 0x0000000092f00000| Untracked 
| 304|0x0000000093000000, 0x0000000093000000, 0x0000000093100000|  0%| F|  |TAMS 0x0000000093000000| PB 0x0000000093000000| Untracked 
| 305|0x0000000093100000, 0x0000000093100000, 0x0000000093200000|  0%| F|  |TAMS 0x0000000093100000| PB 0x0000000093100000| Untracked 
| 306|0x0000000093200000, 0x0000000093200000, 0x0000000093300000|  0%| F|  |TAMS 0x0000000093200000| PB 0x0000000093200000| Untracked 
| 307|0x0000000093300000, 0x0000000093300000, 0x0000000093400000|  0%| F|  |TAMS 0x0000000093300000| PB 0x0000000093300000| Untracked 
| 308|0x0000000093400000, 0x0000000093400000, 0x0000000093500000|  0%| F|  |TAMS 0x0000000093400000| PB 0x0000000093400000| Untracked 
| 309|0x0000000093500000, 0x0000000093500000, 0x0000000093600000|  0%| F|  |TAMS 0x0000000093500000| PB 0x0000000093500000| Untracked 
| 310|0x0000000093600000, 0x0000000093600000, 0x0000000093700000|  0%| F|  |TAMS 0x0000000093600000| PB 0x0000000093600000| Untracked 
| 311|0x0000000093700000, 0x0000000093700000, 0x0000000093800000|  0%| F|  |TAMS 0x0000000093700000| PB 0x0000000093700000| Untracked 
| 312|0x0000000093800000, 0x0000000093800000, 0x0000000093900000|  0%| F|  |TAMS 0x0000000093800000| PB 0x0000000093800000| Untracked 
| 313|0x0000000093900000, 0x0000000093900000, 0x0000000093a00000|  0%| F|  |TAMS 0x0000000093900000| PB 0x0000000093900000| Untracked 
| 314|0x0000000093a00000, 0x0000000093a00000, 0x0000000093b00000|  0%| F|  |TAMS 0x0000000093a00000| PB 0x0000000093a00000| Untracked 
| 315|0x0000000093b00000, 0x0000000093b00000, 0x0000000093c00000|  0%| F|  |TAMS 0x0000000093b00000| PB 0x0000000093b00000| Untracked 
| 316|0x0000000093c00000, 0x0000000093c00000, 0x0000000093d00000|  0%| F|  |TAMS 0x0000000093c00000| PB 0x0000000093c00000| Untracked 
| 317|0x0000000093d00000, 0x0000000093d00000, 0x0000000093e00000|  0%| F|  |TAMS 0x0000000093d00000| PB 0x0000000093d00000| Untracked 
| 318|0x0000000093e00000, 0x0000000093e00000, 0x0000000093f00000|  0%| F|  |TAMS 0x0000000093e00000| PB 0x0000000093e00000| Untracked 
| 319|0x0000000093f00000, 0x0000000093f00000, 0x0000000094000000|  0%| F|  |TAMS 0x0000000093f00000| PB 0x0000000093f00000| Untracked 
| 320|0x0000000094000000, 0x0000000094000000, 0x0000000094100000|  0%| F|  |TAMS 0x0000000094000000| PB 0x0000000094000000| Untracked 
| 321|0x0000000094100000, 0x0000000094100000, 0x0000000094200000|  0%| F|  |TAMS 0x0000000094100000| PB 0x0000000094100000| Untracked 
| 322|0x0000000094200000, 0x0000000094200000, 0x0000000094300000|  0%| F|  |TAMS 0x0000000094200000| PB 0x0000000094200000| Untracked 
| 323|0x0000000094300000, 0x0000000094300000, 0x0000000094400000|  0%| F|  |TAMS 0x0000000094300000| PB 0x0000000094300000| Untracked 
| 324|0x0000000094400000, 0x0000000094400000, 0x0000000094500000|  0%| F|  |TAMS 0x0000000094400000| PB 0x0000000094400000| Untracked 
| 325|0x0000000094500000, 0x0000000094500000, 0x0000000094600000|  0%| F|  |TAMS 0x0000000094500000| PB 0x0000000094500000| Untracked 
| 326|0x0000000094600000, 0x0000000094600000, 0x0000000094700000|  0%| F|  |TAMS 0x0000000094600000| PB 0x0000000094600000| Untracked 
| 327|0x0000000094700000, 0x0000000094700000, 0x0000000094800000|  0%| F|  |TAMS 0x0000000094700000| PB 0x0000000094700000| Untracked 
| 328|0x0000000094800000, 0x0000000094800000, 0x0000000094900000|  0%| F|  |TAMS 0x0000000094800000| PB 0x0000000094800000| Untracked 
| 329|0x0000000094900000, 0x0000000094900000, 0x0000000094a00000|  0%| F|  |TAMS 0x0000000094900000| PB 0x0000000094900000| Untracked 
| 330|0x0000000094a00000, 0x0000000094a00000, 0x0000000094b00000|  0%| F|  |TAMS 0x0000000094a00000| PB 0x0000000094a00000| Untracked 
| 331|0x0000000094b00000, 0x0000000094b00000, 0x0000000094c00000|  0%| F|  |TAMS 0x0000000094b00000| PB 0x0000000094b00000| Untracked 
| 332|0x0000000094c00000, 0x0000000094c00000, 0x0000000094d00000|  0%| F|  |TAMS 0x0000000094c00000| PB 0x0000000094c00000| Untracked 
| 333|0x0000000094d00000, 0x0000000094d00000, 0x0000000094e00000|  0%| F|  |TAMS 0x0000000094d00000| PB 0x0000000094d00000| Untracked 
| 334|0x0000000094e00000, 0x0000000094e00000, 0x0000000094f00000|  0%| F|  |TAMS 0x0000000094e00000| PB 0x0000000094e00000| Untracked 
| 335|0x0000000094f00000, 0x0000000094f00000, 0x0000000095000000|  0%| F|  |TAMS 0x0000000094f00000| PB 0x0000000094f00000| Untracked 
| 336|0x0000000095000000, 0x0000000095000000, 0x0000000095100000|  0%| F|  |TAMS 0x0000000095000000| PB 0x0000000095000000| Untracked 
| 337|0x0000000095100000, 0x0000000095100000, 0x0000000095200000|  0%| F|  |TAMS 0x0000000095100000| PB 0x0000000095100000| Untracked 
| 338|0x0000000095200000, 0x0000000095200000, 0x0000000095300000|  0%| F|  |TAMS 0x0000000095200000| PB 0x0000000095200000| Untracked 
| 339|0x0000000095300000, 0x0000000095300000, 0x0000000095400000|  0%| F|  |TAMS 0x0000000095300000| PB 0x0000000095300000| Untracked 
| 340|0x0000000095400000, 0x0000000095400000, 0x0000000095500000|  0%| F|  |TAMS 0x0000000095400000| PB 0x0000000095400000| Untracked 
| 341|0x0000000095500000, 0x0000000095500000, 0x0000000095600000|  0%| F|  |TAMS 0x0000000095500000| PB 0x0000000095500000| Untracked 
| 342|0x0000000095600000, 0x0000000095600000, 0x0000000095700000|  0%| F|  |TAMS 0x0000000095600000| PB 0x0000000095600000| Untracked 
| 343|0x0000000095700000, 0x0000000095700000, 0x0000000095800000|  0%| F|  |TAMS 0x0000000095700000| PB 0x0000000095700000| Untracked 
| 344|0x0000000095800000, 0x0000000095800000, 0x0000000095900000|  0%| F|  |TAMS 0x0000000095800000| PB 0x0000000095800000| Untracked 
| 345|0x0000000095900000, 0x0000000095900000, 0x0000000095a00000|  0%| F|  |TAMS 0x0000000095900000| PB 0x0000000095900000| Untracked 
| 346|0x0000000095a00000, 0x0000000095a00000, 0x0000000095b00000|  0%| F|  |TAMS 0x0000000095a00000| PB 0x0000000095a00000| Untracked 
| 347|0x0000000095b00000, 0x0000000095b00000, 0x0000000095c00000|  0%| F|  |TAMS 0x0000000095b00000| PB 0x0000000095b00000| Untracked 
| 348|0x0000000095c00000, 0x0000000095c00000, 0x0000000095d00000|  0%| F|  |TAMS 0x0000000095c00000| PB 0x0000000095c00000| Untracked 
| 349|0x0000000095d00000, 0x0000000095d00000, 0x0000000095e00000|  0%| F|  |TAMS 0x0000000095d00000| PB 0x0000000095d00000| Untracked 
| 350|0x0000000095e00000, 0x0000000095e00000, 0x0000000095f00000|  0%| F|  |TAMS 0x0000000095e00000| PB 0x0000000095e00000| Untracked 
| 351|0x0000000095f00000, 0x0000000095f00000, 0x0000000096000000|  0%| F|  |TAMS 0x0000000095f00000| PB 0x0000000095f00000| Untracked 
| 352|0x0000000096000000, 0x0000000096000000, 0x0000000096100000|  0%| F|  |TAMS 0x0000000096000000| PB 0x0000000096000000| Untracked 
| 353|0x0000000096100000, 0x0000000096100000, 0x0000000096200000|  0%| F|  |TAMS 0x0000000096100000| PB 0x0000000096100000| Untracked 
| 354|0x0000000096200000, 0x0000000096200000, 0x0000000096300000|  0%| F|  |TAMS 0x0000000096200000| PB 0x0000000096200000| Untracked 
| 355|0x0000000096300000, 0x0000000096300000, 0x0000000096400000|  0%| F|  |TAMS 0x0000000096300000| PB 0x0000000096300000| Untracked 
| 356|0x0000000096400000, 0x0000000096400000, 0x0000000096500000|  0%| F|  |TAMS 0x0000000096400000| PB 0x0000000096400000| Untracked 
| 357|0x0000000096500000, 0x0000000096500000, 0x0000000096600000|  0%| F|  |TAMS 0x0000000096500000| PB 0x0000000096500000| Untracked 
| 358|0x0000000096600000, 0x0000000096600000, 0x0000000096700000|  0%| F|  |TAMS 0x0000000096600000| PB 0x0000000096600000| Untracked 
| 359|0x0000000096700000, 0x0000000096700000, 0x0000000096800000|  0%| F|  |TAMS 0x0000000096700000| PB 0x0000000096700000| Untracked 
| 360|0x0000000096800000, 0x0000000096800000, 0x0000000096900000|  0%| F|  |TAMS 0x0000000096800000| PB 0x0000000096800000| Untracked 
| 361|0x0000000096900000, 0x0000000096900000, 0x0000000096a00000|  0%| F|  |TAMS 0x0000000096900000| PB 0x0000000096900000| Untracked 
| 362|0x0000000096a00000, 0x0000000096a00000, 0x0000000096b00000|  0%| F|  |TAMS 0x0000000096a00000| PB 0x0000000096a00000| Untracked 
| 363|0x0000000096b00000, 0x0000000096b00000, 0x0000000096c00000|  0%| F|  |TAMS 0x0000000096b00000| PB 0x0000000096b00000| Untracked 
| 364|0x0000000096c00000, 0x0000000096c00000, 0x0000000096d00000|  0%| F|  |TAMS 0x0000000096c00000| PB 0x0000000096c00000| Untracked 
| 365|0x0000000096d00000, 0x0000000096d00000, 0x0000000096e00000|  0%| F|  |TAMS 0x0000000096d00000| PB 0x0000000096d00000| Untracked 
| 366|0x0000000096e00000, 0x0000000096e00000, 0x0000000096f00000|  0%| F|  |TAMS 0x0000000096e00000| PB 0x0000000096e00000| Untracked 
| 367|0x0000000096f00000, 0x0000000096f00000, 0x0000000097000000|  0%| F|  |TAMS 0x0000000096f00000| PB 0x0000000096f00000| Untracked 
| 368|0x0000000097000000, 0x0000000097000000, 0x0000000097100000|  0%| F|  |TAMS 0x0000000097000000| PB 0x0000000097000000| Untracked 
| 369|0x0000000097100000, 0x0000000097100000, 0x0000000097200000|  0%| F|  |TAMS 0x0000000097100000| PB 0x0000000097100000| Untracked 
| 370|0x0000000097200000, 0x0000000097200000, 0x0000000097300000|  0%| F|  |TAMS 0x0000000097200000| PB 0x0000000097200000| Untracked 
| 371|0x0000000097300000, 0x0000000097300000, 0x0000000097400000|  0%| F|  |TAMS 0x0000000097300000| PB 0x0000000097300000| Untracked 
| 372|0x0000000097400000, 0x0000000097400000, 0x0000000097500000|  0%| F|  |TAMS 0x0000000097400000| PB 0x0000000097400000| Untracked 
| 373|0x0000000097500000, 0x0000000097500000, 0x0000000097600000|  0%| F|  |TAMS 0x0000000097500000| PB 0x0000000097500000| Untracked 
| 374|0x0000000097600000, 0x0000000097600000, 0x0000000097700000|  0%| F|  |TAMS 0x0000000097600000| PB 0x0000000097600000| Untracked 
| 375|0x0000000097700000, 0x0000000097700000, 0x0000000097800000|  0%| F|  |TAMS 0x0000000097700000| PB 0x0000000097700000| Untracked 
| 376|0x0000000097800000, 0x0000000097800000, 0x0000000097900000|  0%| F|  |TAMS 0x0000000097800000| PB 0x0000000097800000| Untracked 
| 377|0x0000000097900000, 0x0000000097900000, 0x0000000097a00000|  0%| F|  |TAMS 0x0000000097900000| PB 0x0000000097900000| Untracked 
| 378|0x0000000097a00000, 0x0000000097a00000, 0x0000000097b00000|  0%| F|  |TAMS 0x0000000097a00000| PB 0x0000000097a00000| Untracked 
| 379|0x0000000097b00000, 0x0000000097b00000, 0x0000000097c00000|  0%| F|  |TAMS 0x0000000097b00000| PB 0x0000000097b00000| Untracked 
| 380|0x0000000097c00000, 0x0000000097c00000, 0x0000000097d00000|  0%| F|  |TAMS 0x0000000097c00000| PB 0x0000000097c00000| Untracked 
| 381|0x0000000097d00000, 0x0000000097d00000, 0x0000000097e00000|  0%| F|  |TAMS 0x0000000097d00000| PB 0x0000000097d00000| Untracked 
| 382|0x0000000097e00000, 0x0000000097e00000, 0x0000000097f00000|  0%| F|  |TAMS 0x0000000097e00000| PB 0x0000000097e00000| Untracked 
| 383|0x0000000097f00000, 0x0000000097f00000, 0x0000000098000000|  0%| F|  |TAMS 0x0000000097f00000| PB 0x0000000097f00000| Untracked 
| 384|0x0000000098000000, 0x0000000098000000, 0x0000000098100000|  0%| F|  |TAMS 0x0000000098000000| PB 0x0000000098000000| Untracked 
| 385|0x0000000098100000, 0x0000000098100000, 0x0000000098200000|  0%| F|  |TAMS 0x0000000098100000| PB 0x0000000098100000| Untracked 
| 386|0x0000000098200000, 0x0000000098200000, 0x0000000098300000|  0%| F|  |TAMS 0x0000000098200000| PB 0x0000000098200000| Untracked 
| 387|0x0000000098300000, 0x0000000098300000, 0x0000000098400000|  0%| F|  |TAMS 0x0000000098300000| PB 0x0000000098300000| Untracked 
| 388|0x0000000098400000, 0x0000000098400000, 0x0000000098500000|  0%| F|  |TAMS 0x0000000098400000| PB 0x0000000098400000| Untracked 
| 389|0x0000000098500000, 0x0000000098500000, 0x0000000098600000|  0%| F|  |TAMS 0x0000000098500000| PB 0x0000000098500000| Untracked 
| 390|0x0000000098600000, 0x0000000098600000, 0x0000000098700000|  0%| F|  |TAMS 0x0000000098600000| PB 0x0000000098600000| Untracked 
| 391|0x0000000098700000, 0x0000000098700000, 0x0000000098800000|  0%| F|  |TAMS 0x0000000098700000| PB 0x0000000098700000| Untracked 
| 392|0x0000000098800000, 0x0000000098800000, 0x0000000098900000|  0%| F|  |TAMS 0x0000000098800000| PB 0x0000000098800000| Untracked 
| 393|0x0000000098900000, 0x0000000098900000, 0x0000000098a00000|  0%| F|  |TAMS 0x0000000098900000| PB 0x0000000098900000| Untracked 
| 394|0x0000000098a00000, 0x0000000098a00000, 0x0000000098b00000|  0%| F|  |TAMS 0x0000000098a00000| PB 0x0000000098a00000| Untracked 
| 395|0x0000000098b00000, 0x0000000098b00000, 0x0000000098c00000|  0%| F|  |TAMS 0x0000000098b00000| PB 0x0000000098b00000| Untracked 
| 396|0x0000000098c00000, 0x0000000098c00000, 0x0000000098d00000|  0%| F|  |TAMS 0x0000000098c00000| PB 0x0000000098c00000| Untracked 
| 397|0x0000000098d00000, 0x0000000098d00000, 0x0000000098e00000|  0%| F|  |TAMS 0x0000000098d00000| PB 0x0000000098d00000| Untracked 
| 398|0x0000000098e00000, 0x0000000098e00000, 0x0000000098f00000|  0%| F|  |TAMS 0x0000000098e00000| PB 0x0000000098e00000| Untracked 
| 399|0x0000000098f00000, 0x0000000098f00000, 0x0000000099000000|  0%| F|  |TAMS 0x0000000098f00000| PB 0x0000000098f00000| Untracked 
| 400|0x0000000099000000, 0x0000000099000000, 0x0000000099100000|  0%| F|  |TAMS 0x0000000099000000| PB 0x0000000099000000| Untracked 
| 401|0x0000000099100000, 0x0000000099100000, 0x0000000099200000|  0%| F|  |TAMS 0x0000000099100000| PB 0x0000000099100000| Untracked 
| 402|0x0000000099200000, 0x0000000099200000, 0x0000000099300000|  0%| F|  |TAMS 0x0000000099200000| PB 0x0000000099200000| Untracked 
| 403|0x0000000099300000, 0x0000000099300000, 0x0000000099400000|  0%| F|  |TAMS 0x0000000099300000| PB 0x0000000099300000| Untracked 
| 404|0x0000000099400000, 0x0000000099400000, 0x0000000099500000|  0%| F|  |TAMS 0x0000000099400000| PB 0x0000000099400000| Untracked 
| 405|0x0000000099500000, 0x0000000099500000, 0x0000000099600000|  0%| F|  |TAMS 0x0000000099500000| PB 0x0000000099500000| Untracked 
| 406|0x0000000099600000, 0x0000000099600000, 0x0000000099700000|  0%| F|  |TAMS 0x0000000099600000| PB 0x0000000099600000| Untracked 
| 407|0x0000000099700000, 0x0000000099700000, 0x0000000099800000|  0%| F|  |TAMS 0x0000000099700000| PB 0x0000000099700000| Untracked 
| 408|0x0000000099800000, 0x0000000099800000, 0x0000000099900000|  0%| F|  |TAMS 0x0000000099800000| PB 0x0000000099800000| Untracked 
| 409|0x0000000099900000, 0x0000000099900000, 0x0000000099a00000|  0%| F|  |TAMS 0x0000000099900000| PB 0x0000000099900000| Untracked 
| 410|0x0000000099a00000, 0x0000000099a00000, 0x0000000099b00000|  0%| F|  |TAMS 0x0000000099a00000| PB 0x0000000099a00000| Untracked 
| 411|0x0000000099b00000, 0x0000000099b00000, 0x0000000099c00000|  0%| F|  |TAMS 0x0000000099b00000| PB 0x0000000099b00000| Untracked 
| 412|0x0000000099c00000, 0x0000000099c00000, 0x0000000099d00000|  0%| F|  |TAMS 0x0000000099c00000| PB 0x0000000099c00000| Untracked 
| 413|0x0000000099d00000, 0x0000000099d00000, 0x0000000099e00000|  0%| F|  |TAMS 0x0000000099d00000| PB 0x0000000099d00000| Untracked 
| 414|0x0000000099e00000, 0x0000000099e00000, 0x0000000099f00000|  0%| F|  |TAMS 0x0000000099e00000| PB 0x0000000099e00000| Untracked 
| 415|0x0000000099f00000, 0x0000000099f00000, 0x000000009a000000|  0%| F|  |TAMS 0x0000000099f00000| PB 0x0000000099f00000| Untracked 
| 416|0x000000009a000000, 0x000000009a000000, 0x000000009a100000|  0%| F|  |TAMS 0x000000009a000000| PB 0x000000009a000000| Untracked 
| 417|0x000000009a100000, 0x000000009a100000, 0x000000009a200000|  0%| F|  |TAMS 0x000000009a100000| PB 0x000000009a100000| Untracked 
| 418|0x000000009a200000, 0x000000009a200000, 0x000000009a300000|  0%| F|  |TAMS 0x000000009a200000| PB 0x000000009a200000| Untracked 
| 419|0x000000009a300000, 0x000000009a300000, 0x000000009a400000|  0%| F|  |TAMS 0x000000009a300000| PB 0x000000009a300000| Untracked 
| 420|0x000000009a400000, 0x000000009a400000, 0x000000009a500000|  0%| F|  |TAMS 0x000000009a400000| PB 0x000000009a400000| Untracked 
| 421|0x000000009a500000, 0x000000009a500000, 0x000000009a600000|  0%| F|  |TAMS 0x000000009a500000| PB 0x000000009a500000| Untracked 
| 422|0x000000009a600000, 0x000000009a600000, 0x000000009a700000|  0%| F|  |TAMS 0x000000009a600000| PB 0x000000009a600000| Untracked 
| 423|0x000000009a700000, 0x000000009a700000, 0x000000009a800000|  0%| F|  |TAMS 0x000000009a700000| PB 0x000000009a700000| Untracked 
| 424|0x000000009a800000, 0x000000009a800000, 0x000000009a900000|  0%| F|  |TAMS 0x000000009a800000| PB 0x000000009a800000| Untracked 
| 425|0x000000009a900000, 0x000000009a900000, 0x000000009aa00000|  0%| F|  |TAMS 0x000000009a900000| PB 0x000000009a900000| Untracked 
| 426|0x000000009aa00000, 0x000000009aa00000, 0x000000009ab00000|  0%| F|  |TAMS 0x000000009aa00000| PB 0x000000009aa00000| Untracked 
| 427|0x000000009ab00000, 0x000000009ab00000, 0x000000009ac00000|  0%| F|  |TAMS 0x000000009ab00000| PB 0x000000009ab00000| Untracked 
| 428|0x000000009ac00000, 0x000000009ac00000, 0x000000009ad00000|  0%| F|  |TAMS 0x000000009ac00000| PB 0x000000009ac00000| Untracked 
| 429|0x000000009ad00000, 0x000000009ad00000, 0x000000009ae00000|  0%| F|  |TAMS 0x000000009ad00000| PB 0x000000009ad00000| Untracked 
| 430|0x000000009ae00000, 0x000000009ae00000, 0x000000009af00000|  0%| F|  |TAMS 0x000000009ae00000| PB 0x000000009ae00000| Untracked 
| 431|0x000000009af00000, 0x000000009af00000, 0x000000009b000000|  0%| F|  |TAMS 0x000000009af00000| PB 0x000000009af00000| Untracked 
| 432|0x000000009b000000, 0x000000009b000000, 0x000000009b100000|  0%| F|  |TAMS 0x000000009b000000| PB 0x000000009b000000| Untracked 
| 433|0x000000009b100000, 0x000000009b100000, 0x000000009b200000|  0%| F|  |TAMS 0x000000009b100000| PB 0x000000009b100000| Untracked 
| 434|0x000000009b200000, 0x000000009b200000, 0x000000009b300000|  0%| F|  |TAMS 0x000000009b200000| PB 0x000000009b200000| Untracked 
| 435|0x000000009b300000, 0x000000009b300000, 0x000000009b400000|  0%| F|  |TAMS 0x000000009b300000| PB 0x000000009b300000| Untracked 
| 436|0x000000009b400000, 0x000000009b400000, 0x000000009b500000|  0%| F|  |TAMS 0x000000009b400000| PB 0x000000009b400000| Untracked 
| 437|0x000000009b500000, 0x000000009b500000, 0x000000009b600000|  0%| F|  |TAMS 0x000000009b500000| PB 0x000000009b500000| Untracked 
| 438|0x000000009b600000, 0x000000009b600000, 0x000000009b700000|  0%| F|  |TAMS 0x000000009b600000| PB 0x000000009b600000| Untracked 
| 439|0x000000009b700000, 0x000000009b700000, 0x000000009b800000|  0%| F|  |TAMS 0x000000009b700000| PB 0x000000009b700000| Untracked 
| 440|0x000000009b800000, 0x000000009b800000, 0x000000009b900000|  0%| F|  |TAMS 0x000000009b800000| PB 0x000000009b800000| Untracked 
| 441|0x000000009b900000, 0x000000009b900000, 0x000000009ba00000|  0%| F|  |TAMS 0x000000009b900000| PB 0x000000009b900000| Untracked 
| 442|0x000000009ba00000, 0x000000009ba00000, 0x000000009bb00000|  0%| F|  |TAMS 0x000000009ba00000| PB 0x000000009ba00000| Untracked 
| 443|0x000000009bb00000, 0x000000009bb00000, 0x000000009bc00000|  0%| F|  |TAMS 0x000000009bb00000| PB 0x000000009bb00000| Untracked 
| 444|0x000000009bc00000, 0x000000009bc00000, 0x000000009bd00000|  0%| F|  |TAMS 0x000000009bc00000| PB 0x000000009bc00000| Untracked 
| 445|0x000000009bd00000, 0x000000009bd00000, 0x000000009be00000|  0%| F|  |TAMS 0x000000009bd00000| PB 0x000000009bd00000| Untracked 
| 446|0x000000009be00000, 0x000000009be00000, 0x000000009bf00000|  0%| F|  |TAMS 0x000000009be00000| PB 0x000000009be00000| Untracked 
| 447|0x000000009bf00000, 0x000000009bf00000, 0x000000009c000000|  0%| F|  |TAMS 0x000000009bf00000| PB 0x000000009bf00000| Untracked 
| 448|0x000000009c000000, 0x000000009c000000, 0x000000009c100000|  0%| F|  |TAMS 0x000000009c000000| PB 0x000000009c000000| Untracked 
| 449|0x000000009c100000, 0x000000009c100000, 0x000000009c200000|  0%| F|  |TAMS 0x000000009c100000| PB 0x000000009c100000| Untracked 
| 450|0x000000009c200000, 0x000000009c200000, 0x000000009c300000|  0%| F|  |TAMS 0x000000009c200000| PB 0x000000009c200000| Untracked 
| 451|0x000000009c300000, 0x000000009c300000, 0x000000009c400000|  0%| F|  |TAMS 0x000000009c300000| PB 0x000000009c300000| Untracked 
| 452|0x000000009c400000, 0x000000009c400000, 0x000000009c500000|  0%| F|  |TAMS 0x000000009c400000| PB 0x000000009c400000| Untracked 
| 453|0x000000009c500000, 0x000000009c500000, 0x000000009c600000|  0%| F|  |TAMS 0x000000009c500000| PB 0x000000009c500000| Untracked 
| 454|0x000000009c600000, 0x000000009c600000, 0x000000009c700000|  0%| F|  |TAMS 0x000000009c600000| PB 0x000000009c600000| Untracked 
| 455|0x000000009c700000, 0x000000009c700000, 0x000000009c800000|  0%| F|  |TAMS 0x000000009c700000| PB 0x000000009c700000| Untracked 
| 456|0x000000009c800000, 0x000000009c800000, 0x000000009c900000|  0%| F|  |TAMS 0x000000009c800000| PB 0x000000009c800000| Untracked 
| 457|0x000000009c900000, 0x000000009c900000, 0x000000009ca00000|  0%| F|  |TAMS 0x000000009c900000| PB 0x000000009c900000| Untracked 
| 458|0x000000009ca00000, 0x000000009ca00000, 0x000000009cb00000|  0%| F|  |TAMS 0x000000009ca00000| PB 0x000000009ca00000| Untracked 
| 459|0x000000009cb00000, 0x000000009cb00000, 0x000000009cc00000|  0%| F|  |TAMS 0x000000009cb00000| PB 0x000000009cb00000| Untracked 
| 460|0x000000009cc00000, 0x000000009cc00000, 0x000000009cd00000|  0%| F|  |TAMS 0x000000009cc00000| PB 0x000000009cc00000| Untracked 
| 461|0x000000009cd00000, 0x000000009cd00000, 0x000000009ce00000|  0%| F|  |TAMS 0x000000009cd00000| PB 0x000000009cd00000| Untracked 
| 462|0x000000009ce00000, 0x000000009ce00000, 0x000000009cf00000|  0%| F|  |TAMS 0x000000009ce00000| PB 0x000000009ce00000| Untracked 
| 463|0x000000009cf00000, 0x000000009cf00000, 0x000000009d000000|  0%| F|  |TAMS 0x000000009cf00000| PB 0x000000009cf00000| Untracked 
| 464|0x000000009d000000, 0x000000009d000000, 0x000000009d100000|  0%| F|  |TAMS 0x000000009d000000| PB 0x000000009d000000| Untracked 
| 465|0x000000009d100000, 0x000000009d100000, 0x000000009d200000|  0%| F|  |TAMS 0x000000009d100000| PB 0x000000009d100000| Untracked 
| 466|0x000000009d200000, 0x000000009d200000, 0x000000009d300000|  0%| F|  |TAMS 0x000000009d200000| PB 0x000000009d200000| Untracked 
| 467|0x000000009d300000, 0x000000009d300000, 0x000000009d400000|  0%| F|  |TAMS 0x000000009d300000| PB 0x000000009d300000| Untracked 
| 468|0x000000009d400000, 0x000000009d400000, 0x000000009d500000|  0%| F|  |TAMS 0x000000009d400000| PB 0x000000009d400000| Untracked 
| 469|0x000000009d500000, 0x000000009d500000, 0x000000009d600000|  0%| F|  |TAMS 0x000000009d500000| PB 0x000000009d500000| Untracked 
| 470|0x000000009d600000, 0x000000009d600000, 0x000000009d700000|  0%| F|  |TAMS 0x000000009d600000| PB 0x000000009d600000| Untracked 
| 471|0x000000009d700000, 0x000000009d700000, 0x000000009d800000|  0%| F|  |TAMS 0x000000009d700000| PB 0x000000009d700000| Untracked 
| 472|0x000000009d800000, 0x000000009d800000, 0x000000009d900000|  0%| F|  |TAMS 0x000000009d800000| PB 0x000000009d800000| Untracked 
| 473|0x000000009d900000, 0x000000009d900000, 0x000000009da00000|  0%| F|  |TAMS 0x000000009d900000| PB 0x000000009d900000| Untracked 
| 474|0x000000009da00000, 0x000000009da00000, 0x000000009db00000|  0%| F|  |TAMS 0x000000009da00000| PB 0x000000009da00000| Untracked 
| 475|0x000000009db00000, 0x000000009db00000, 0x000000009dc00000|  0%| F|  |TAMS 0x000000009db00000| PB 0x000000009db00000| Untracked 
| 476|0x000000009dc00000, 0x000000009dc00000, 0x000000009dd00000|  0%| F|  |TAMS 0x000000009dc00000| PB 0x000000009dc00000| Untracked 
| 477|0x000000009dd00000, 0x000000009dd00000, 0x000000009de00000|  0%| F|  |TAMS 0x000000009dd00000| PB 0x000000009dd00000| Untracked 
| 478|0x000000009de00000, 0x000000009de00000, 0x000000009df00000|  0%| F|  |TAMS 0x000000009de00000| PB 0x000000009de00000| Untracked 
| 479|0x000000009df00000, 0x000000009df00000, 0x000000009e000000|  0%| F|  |TAMS 0x000000009df00000| PB 0x000000009df00000| Untracked 
| 480|0x000000009e000000, 0x000000009e000000, 0x000000009e100000|  0%| F|  |TAMS 0x000000009e000000| PB 0x000000009e000000| Untracked 
| 481|0x000000009e100000, 0x000000009e100000, 0x000000009e200000|  0%| F|  |TAMS 0x000000009e100000| PB 0x000000009e100000| Untracked 
| 482|0x000000009e200000, 0x000000009e200000, 0x000000009e300000|  0%| F|  |TAMS 0x000000009e200000| PB 0x000000009e200000| Untracked 
| 483|0x000000009e300000, 0x000000009e39cc98, 0x000000009e400000| 61%| S|CS|TAMS 0x000000009e300000| PB 0x000000009e300000| Complete 
| 484|0x000000009e400000, 0x000000009e500000, 0x000000009e500000|100%| S|CS|TAMS 0x000000009e400000| PB 0x000000009e400000| Complete 
| 485|0x000000009e500000, 0x000000009e600000, 0x000000009e600000|100%| S|CS|TAMS 0x000000009e500000| PB 0x000000009e500000| Complete 
| 486|0x000000009e600000, 0x000000009e700000, 0x000000009e700000|100%| S|CS|TAMS 0x000000009e600000| PB 0x000000009e600000| Complete 
| 487|0x000000009e700000, 0x000000009e700000, 0x000000009e800000|  0%| F|  |TAMS 0x000000009e700000| PB 0x000000009e700000| Untracked 
| 488|0x000000009e800000, 0x000000009e800000, 0x000000009e900000|  0%| F|  |TAMS 0x000000009e800000| PB 0x000000009e800000| Untracked 
| 489|0x000000009e900000, 0x000000009e900000, 0x000000009ea00000|  0%| F|  |TAMS 0x000000009e900000| PB 0x000000009e900000| Untracked 
| 490|0x000000009ea00000, 0x000000009ea00000, 0x000000009eb00000|  0%| F|  |TAMS 0x000000009ea00000| PB 0x000000009ea00000| Untracked 
| 491|0x000000009eb00000, 0x000000009eb00000, 0x000000009ec00000|  0%| F|  |TAMS 0x000000009eb00000| PB 0x000000009eb00000| Untracked 
| 492|0x000000009ec00000, 0x000000009ec00000, 0x000000009ed00000|  0%| F|  |TAMS 0x000000009ec00000| PB 0x000000009ec00000| Untracked 
| 493|0x000000009ed00000, 0x000000009ed00000, 0x000000009ee00000|  0%| F|  |TAMS 0x000000009ed00000| PB 0x000000009ed00000| Untracked 
| 494|0x000000009ee00000, 0x000000009ee00000, 0x000000009ef00000|  0%| F|  |TAMS 0x000000009ee00000| PB 0x000000009ee00000| Untracked 
| 495|0x000000009ef00000, 0x000000009ef00000, 0x000000009f000000|  0%| F|  |TAMS 0x000000009ef00000| PB 0x000000009ef00000| Untracked 
| 496|0x000000009f000000, 0x000000009f000000, 0x000000009f100000|  0%| F|  |TAMS 0x000000009f000000| PB 0x000000009f000000| Untracked 
| 497|0x000000009f100000, 0x000000009f100000, 0x000000009f200000|  0%| F|  |TAMS 0x000000009f100000| PB 0x000000009f100000| Untracked 
| 498|0x000000009f200000, 0x000000009f200000, 0x000000009f300000|  0%| F|  |TAMS 0x000000009f200000| PB 0x000000009f200000| Untracked 
| 499|0x000000009f300000, 0x000000009f300000, 0x000000009f400000|  0%| F|  |TAMS 0x000000009f300000| PB 0x000000009f300000| Untracked 
| 500|0x000000009f400000, 0x000000009f400000, 0x000000009f500000|  0%| F|  |TAMS 0x000000009f400000| PB 0x000000009f400000| Untracked 
| 501|0x000000009f500000, 0x000000009f500000, 0x000000009f600000|  0%| F|  |TAMS 0x000000009f500000| PB 0x000000009f500000| Untracked 
| 502|0x000000009f600000, 0x000000009f600000, 0x000000009f700000|  0%| F|  |TAMS 0x000000009f600000| PB 0x000000009f600000| Untracked 
| 503|0x000000009f700000, 0x000000009f700000, 0x000000009f800000|  0%| F|  |TAMS 0x000000009f700000| PB 0x000000009f700000| Untracked 
| 504|0x000000009f800000, 0x000000009f800000, 0x000000009f900000|  0%| F|  |TAMS 0x000000009f800000| PB 0x000000009f800000| Untracked 
| 505|0x000000009f900000, 0x000000009f900000, 0x000000009fa00000|  0%| F|  |TAMS 0x000000009f900000| PB 0x000000009f900000| Untracked 
| 506|0x000000009fa00000, 0x000000009fa00000, 0x000000009fb00000|  0%| F|  |TAMS 0x000000009fa00000| PB 0x000000009fa00000| Untracked 
| 507|0x000000009fb00000, 0x000000009fb00000, 0x000000009fc00000|  0%| F|  |TAMS 0x000000009fb00000| PB 0x000000009fb00000| Untracked 
| 508|0x000000009fc00000, 0x000000009fc00000, 0x000000009fd00000|  0%| F|  |TAMS 0x000000009fc00000| PB 0x000000009fc00000| Untracked 
| 509|0x000000009fd00000, 0x000000009fd00000, 0x000000009fe00000|  0%| F|  |TAMS 0x000000009fd00000| PB 0x000000009fd00000| Untracked 
| 510|0x000000009fe00000, 0x000000009fe00000, 0x000000009ff00000|  0%| F|  |TAMS 0x000000009fe00000| PB 0x000000009fe00000| Untracked 
| 511|0x000000009ff00000, 0x000000009ff00000, 0x00000000a0000000|  0%| F|  |TAMS 0x000000009ff00000| PB 0x000000009ff00000| Untracked 
| 512|0x00000000a0000000, 0x00000000a0000000, 0x00000000a0100000|  0%| F|  |TAMS 0x00000000a0000000| PB 0x00000000a0000000| Untracked 
| 513|0x00000000a0100000, 0x00000000a0100000, 0x00000000a0200000|  0%| F|  |TAMS 0x00000000a0100000| PB 0x00000000a0100000| Untracked 
| 514|0x00000000a0200000, 0x00000000a0200000, 0x00000000a0300000|  0%| F|  |TAMS 0x00000000a0200000| PB 0x00000000a0200000| Untracked 
| 515|0x00000000a0300000, 0x00000000a0300000, 0x00000000a0400000|  0%| F|  |TAMS 0x00000000a0300000| PB 0x00000000a0300000| Untracked 
| 516|0x00000000a0400000, 0x00000000a0400000, 0x00000000a0500000|  0%| F|  |TAMS 0x00000000a0400000| PB 0x00000000a0400000| Untracked 
| 517|0x00000000a0500000, 0x00000000a0500000, 0x00000000a0600000|  0%| F|  |TAMS 0x00000000a0500000| PB 0x00000000a0500000| Untracked 
| 518|0x00000000a0600000, 0x00000000a0600000, 0x00000000a0700000|  0%| F|  |TAMS 0x00000000a0600000| PB 0x00000000a0600000| Untracked 
| 519|0x00000000a0700000, 0x00000000a0700000, 0x00000000a0800000|  0%| F|  |TAMS 0x00000000a0700000| PB 0x00000000a0700000| Untracked 
| 520|0x00000000a0800000, 0x00000000a0800000, 0x00000000a0900000|  0%| F|  |TAMS 0x00000000a0800000| PB 0x00000000a0800000| Untracked 
| 521|0x00000000a0900000, 0x00000000a0900000, 0x00000000a0a00000|  0%| F|  |TAMS 0x00000000a0900000| PB 0x00000000a0900000| Untracked 
| 522|0x00000000a0a00000, 0x00000000a0a00000, 0x00000000a0b00000|  0%| F|  |TAMS 0x00000000a0a00000| PB 0x00000000a0a00000| Untracked 
| 523|0x00000000a0b00000, 0x00000000a0b00000, 0x00000000a0c00000|  0%| F|  |TAMS 0x00000000a0b00000| PB 0x00000000a0b00000| Untracked 
| 524|0x00000000a0c00000, 0x00000000a0c00000, 0x00000000a0d00000|  0%| F|  |TAMS 0x00000000a0c00000| PB 0x00000000a0c00000| Untracked 
| 525|0x00000000a0d00000, 0x00000000a0d00000, 0x00000000a0e00000|  0%| F|  |TAMS 0x00000000a0d00000| PB 0x00000000a0d00000| Untracked 
| 526|0x00000000a0e00000, 0x00000000a0e00000, 0x00000000a0f00000|  0%| F|  |TAMS 0x00000000a0e00000| PB 0x00000000a0e00000| Untracked 
| 527|0x00000000a0f00000, 0x00000000a0f00000, 0x00000000a1000000|  0%| F|  |TAMS 0x00000000a0f00000| PB 0x00000000a0f00000| Untracked 
| 528|0x00000000a1000000, 0x00000000a1000000, 0x00000000a1100000|  0%| F|  |TAMS 0x00000000a1000000| PB 0x00000000a1000000| Untracked 
| 529|0x00000000a1100000, 0x00000000a1100000, 0x00000000a1200000|  0%| F|  |TAMS 0x00000000a1100000| PB 0x00000000a1100000| Untracked 
| 530|0x00000000a1200000, 0x00000000a1200000, 0x00000000a1300000|  0%| F|  |TAMS 0x00000000a1200000| PB 0x00000000a1200000| Untracked 
| 531|0x00000000a1300000, 0x00000000a1300000, 0x00000000a1400000|  0%| F|  |TAMS 0x00000000a1300000| PB 0x00000000a1300000| Untracked 
| 532|0x00000000a1400000, 0x00000000a1400000, 0x00000000a1500000|  0%| F|  |TAMS 0x00000000a1400000| PB 0x00000000a1400000| Untracked 
| 533|0x00000000a1500000, 0x00000000a1500000, 0x00000000a1600000|  0%| F|  |TAMS 0x00000000a1500000| PB 0x00000000a1500000| Untracked 
| 534|0x00000000a1600000, 0x00000000a1600000, 0x00000000a1700000|  0%| F|  |TAMS 0x00000000a1600000| PB 0x00000000a1600000| Untracked 
| 535|0x00000000a1700000, 0x00000000a1700000, 0x00000000a1800000|  0%| F|  |TAMS 0x00000000a1700000| PB 0x00000000a1700000| Untracked 
| 536|0x00000000a1800000, 0x00000000a1800000, 0x00000000a1900000|  0%| F|  |TAMS 0x00000000a1800000| PB 0x00000000a1800000| Untracked 
| 537|0x00000000a1900000, 0x00000000a1900000, 0x00000000a1a00000|  0%| F|  |TAMS 0x00000000a1900000| PB 0x00000000a1900000| Untracked 
| 538|0x00000000a1a00000, 0x00000000a1a00000, 0x00000000a1b00000|  0%| F|  |TAMS 0x00000000a1a00000| PB 0x00000000a1a00000| Untracked 
| 539|0x00000000a1b00000, 0x00000000a1b00000, 0x00000000a1c00000|  0%| F|  |TAMS 0x00000000a1b00000| PB 0x00000000a1b00000| Untracked 
| 540|0x00000000a1c00000, 0x00000000a1c00000, 0x00000000a1d00000|  0%| F|  |TAMS 0x00000000a1c00000| PB 0x00000000a1c00000| Untracked 
| 541|0x00000000a1d00000, 0x00000000a1d00000, 0x00000000a1e00000|  0%| F|  |TAMS 0x00000000a1d00000| PB 0x00000000a1d00000| Untracked 
| 542|0x00000000a1e00000, 0x00000000a1e00000, 0x00000000a1f00000|  0%| F|  |TAMS 0x00000000a1e00000| PB 0x00000000a1e00000| Untracked 
| 543|0x00000000a1f00000, 0x00000000a1f00000, 0x00000000a2000000|  0%| F|  |TAMS 0x00000000a1f00000| PB 0x00000000a1f00000| Untracked 
| 544|0x00000000a2000000, 0x00000000a2000000, 0x00000000a2100000|  0%| F|  |TAMS 0x00000000a2000000| PB 0x00000000a2000000| Untracked 
| 545|0x00000000a2100000, 0x00000000a2100000, 0x00000000a2200000|  0%| F|  |TAMS 0x00000000a2100000| PB 0x00000000a2100000| Untracked 
| 546|0x00000000a2200000, 0x00000000a2200000, 0x00000000a2300000|  0%| F|  |TAMS 0x00000000a2200000| PB 0x00000000a2200000| Untracked 
| 547|0x00000000a2300000, 0x00000000a2300000, 0x00000000a2400000|  0%| F|  |TAMS 0x00000000a2300000| PB 0x00000000a2300000| Untracked 
| 548|0x00000000a2400000, 0x00000000a2400000, 0x00000000a2500000|  0%| F|  |TAMS 0x00000000a2400000| PB 0x00000000a2400000| Untracked 
| 549|0x00000000a2500000, 0x00000000a2500000, 0x00000000a2600000|  0%| F|  |TAMS 0x00000000a2500000| PB 0x00000000a2500000| Untracked 
| 550|0x00000000a2600000, 0x00000000a2600000, 0x00000000a2700000|  0%| F|  |TAMS 0x00000000a2600000| PB 0x00000000a2600000| Untracked 
| 551|0x00000000a2700000, 0x00000000a2700000, 0x00000000a2800000|  0%| F|  |TAMS 0x00000000a2700000| PB 0x00000000a2700000| Untracked 
| 552|0x00000000a2800000, 0x00000000a2800000, 0x00000000a2900000|  0%| F|  |TAMS 0x00000000a2800000| PB 0x00000000a2800000| Untracked 
| 553|0x00000000a2900000, 0x00000000a2900000, 0x00000000a2a00000|  0%| F|  |TAMS 0x00000000a2900000| PB 0x00000000a2900000| Untracked 
| 554|0x00000000a2a00000, 0x00000000a2a00000, 0x00000000a2b00000|  0%| F|  |TAMS 0x00000000a2a00000| PB 0x00000000a2a00000| Untracked 
| 555|0x00000000a2b00000, 0x00000000a2b00000, 0x00000000a2c00000|  0%| F|  |TAMS 0x00000000a2b00000| PB 0x00000000a2b00000| Untracked 
| 556|0x00000000a2c00000, 0x00000000a2c00000, 0x00000000a2d00000|  0%| F|  |TAMS 0x00000000a2c00000| PB 0x00000000a2c00000| Untracked 
| 557|0x00000000a2d00000, 0x00000000a2d00000, 0x00000000a2e00000|  0%| F|  |TAMS 0x00000000a2d00000| PB 0x00000000a2d00000| Untracked 
| 558|0x00000000a2e00000, 0x00000000a2e00000, 0x00000000a2f00000|  0%| F|  |TAMS 0x00000000a2e00000| PB 0x00000000a2e00000| Untracked 
| 559|0x00000000a2f00000, 0x00000000a2f00000, 0x00000000a3000000|  0%| F|  |TAMS 0x00000000a2f00000| PB 0x00000000a2f00000| Untracked 
| 560|0x00000000a3000000, 0x00000000a3000000, 0x00000000a3100000|  0%| F|  |TAMS 0x00000000a3000000| PB 0x00000000a3000000| Untracked 
| 561|0x00000000a3100000, 0x00000000a3100000, 0x00000000a3200000|  0%| F|  |TAMS 0x00000000a3100000| PB 0x00000000a3100000| Untracked 
| 562|0x00000000a3200000, 0x00000000a3200000, 0x00000000a3300000|  0%| F|  |TAMS 0x00000000a3200000| PB 0x00000000a3200000| Untracked 
| 563|0x00000000a3300000, 0x00000000a3300000, 0x00000000a3400000|  0%| F|  |TAMS 0x00000000a3300000| PB 0x00000000a3300000| Untracked 
| 564|0x00000000a3400000, 0x00000000a3400000, 0x00000000a3500000|  0%| F|  |TAMS 0x00000000a3400000| PB 0x00000000a3400000| Untracked 
| 565|0x00000000a3500000, 0x00000000a3500000, 0x00000000a3600000|  0%| F|  |TAMS 0x00000000a3500000| PB 0x00000000a3500000| Untracked 
| 566|0x00000000a3600000, 0x00000000a3600000, 0x00000000a3700000|  0%| F|  |TAMS 0x00000000a3600000| PB 0x00000000a3600000| Untracked 
| 567|0x00000000a3700000, 0x00000000a3700000, 0x00000000a3800000|  0%| F|  |TAMS 0x00000000a3700000| PB 0x00000000a3700000| Untracked 
| 568|0x00000000a3800000, 0x00000000a3800000, 0x00000000a3900000|  0%| F|  |TAMS 0x00000000a3800000| PB 0x00000000a3800000| Untracked 
| 569|0x00000000a3900000, 0x00000000a3900000, 0x00000000a3a00000|  0%| F|  |TAMS 0x00000000a3900000| PB 0x00000000a3900000| Untracked 
| 570|0x00000000a3a00000, 0x00000000a3a00000, 0x00000000a3b00000|  0%| F|  |TAMS 0x00000000a3a00000| PB 0x00000000a3a00000| Untracked 
| 571|0x00000000a3b00000, 0x00000000a3b00000, 0x00000000a3c00000|  0%| F|  |TAMS 0x00000000a3b00000| PB 0x00000000a3b00000| Untracked 
| 572|0x00000000a3c00000, 0x00000000a3c00000, 0x00000000a3d00000|  0%| F|  |TAMS 0x00000000a3c00000| PB 0x00000000a3c00000| Untracked 
| 573|0x00000000a3d00000, 0x00000000a3d00000, 0x00000000a3e00000|  0%| F|  |TAMS 0x00000000a3d00000| PB 0x00000000a3d00000| Untracked 
| 574|0x00000000a3e00000, 0x00000000a3e00000, 0x00000000a3f00000|  0%| F|  |TAMS 0x00000000a3e00000| PB 0x00000000a3e00000| Untracked 
| 575|0x00000000a3f00000, 0x00000000a3f00000, 0x00000000a4000000|  0%| F|  |TAMS 0x00000000a3f00000| PB 0x00000000a3f00000| Untracked 
| 576|0x00000000a4000000, 0x00000000a4000000, 0x00000000a4100000|  0%| F|  |TAMS 0x00000000a4000000| PB 0x00000000a4000000| Untracked 
| 577|0x00000000a4100000, 0x00000000a4100000, 0x00000000a4200000|  0%| F|  |TAMS 0x00000000a4100000| PB 0x00000000a4100000| Untracked 
| 578|0x00000000a4200000, 0x00000000a4200000, 0x00000000a4300000|  0%| F|  |TAMS 0x00000000a4200000| PB 0x00000000a4200000| Untracked 
| 579|0x00000000a4300000, 0x00000000a4300000, 0x00000000a4400000|  0%| F|  |TAMS 0x00000000a4300000| PB 0x00000000a4300000| Untracked 
| 580|0x00000000a4400000, 0x00000000a4400000, 0x00000000a4500000|  0%| F|  |TAMS 0x00000000a4400000| PB 0x00000000a4400000| Untracked 
| 581|0x00000000a4500000, 0x00000000a4500000, 0x00000000a4600000|  0%| F|  |TAMS 0x00000000a4500000| PB 0x00000000a4500000| Untracked 
| 582|0x00000000a4600000, 0x00000000a4600000, 0x00000000a4700000|  0%| F|  |TAMS 0x00000000a4600000| PB 0x00000000a4600000| Untracked 
| 583|0x00000000a4700000, 0x00000000a4700000, 0x00000000a4800000|  0%| F|  |TAMS 0x00000000a4700000| PB 0x00000000a4700000| Untracked 
| 584|0x00000000a4800000, 0x00000000a4800000, 0x00000000a4900000|  0%| F|  |TAMS 0x00000000a4800000| PB 0x00000000a4800000| Untracked 
| 585|0x00000000a4900000, 0x00000000a4900000, 0x00000000a4a00000|  0%| F|  |TAMS 0x00000000a4900000| PB 0x00000000a4900000| Untracked 
| 586|0x00000000a4a00000, 0x00000000a4a00000, 0x00000000a4b00000|  0%| F|  |TAMS 0x00000000a4a00000| PB 0x00000000a4a00000| Untracked 
| 587|0x00000000a4b00000, 0x00000000a4b00000, 0x00000000a4c00000|  0%| F|  |TAMS 0x00000000a4b00000| PB 0x00000000a4b00000| Untracked 
| 588|0x00000000a4c00000, 0x00000000a4c00000, 0x00000000a4d00000|  0%| F|  |TAMS 0x00000000a4c00000| PB 0x00000000a4c00000| Untracked 
| 589|0x00000000a4d00000, 0x00000000a4d00000, 0x00000000a4e00000|  0%| F|  |TAMS 0x00000000a4d00000| PB 0x00000000a4d00000| Untracked 
| 590|0x00000000a4e00000, 0x00000000a4e00000, 0x00000000a4f00000|  0%| F|  |TAMS 0x00000000a4e00000| PB 0x00000000a4e00000| Untracked 
| 591|0x00000000a4f00000, 0x00000000a4f00000, 0x00000000a5000000|  0%| F|  |TAMS 0x00000000a4f00000| PB 0x00000000a4f00000| Untracked 
| 592|0x00000000a5000000, 0x00000000a5000000, 0x00000000a5100000|  0%| F|  |TAMS 0x00000000a5000000| PB 0x00000000a5000000| Untracked 
| 593|0x00000000a5100000, 0x00000000a5100000, 0x00000000a5200000|  0%| F|  |TAMS 0x00000000a5100000| PB 0x00000000a5100000| Untracked 
| 594|0x00000000a5200000, 0x00000000a5200000, 0x00000000a5300000|  0%| F|  |TAMS 0x00000000a5200000| PB 0x00000000a5200000| Untracked 
| 595|0x00000000a5300000, 0x00000000a5300000, 0x00000000a5400000|  0%| F|  |TAMS 0x00000000a5300000| PB 0x00000000a5300000| Untracked 
| 596|0x00000000a5400000, 0x00000000a5400000, 0x00000000a5500000|  0%| F|  |TAMS 0x00000000a5400000| PB 0x00000000a5400000| Untracked 
| 597|0x00000000a5500000, 0x00000000a5500000, 0x00000000a5600000|  0%| F|  |TAMS 0x00000000a5500000| PB 0x00000000a5500000| Untracked 
| 598|0x00000000a5600000, 0x00000000a5600000, 0x00000000a5700000|  0%| F|  |TAMS 0x00000000a5600000| PB 0x00000000a5600000| Untracked 
| 599|0x00000000a5700000, 0x00000000a5700000, 0x00000000a5800000|  0%| F|  |TAMS 0x00000000a5700000| PB 0x00000000a5700000| Untracked 
| 600|0x00000000a5800000, 0x00000000a5800000, 0x00000000a5900000|  0%| F|  |TAMS 0x00000000a5800000| PB 0x00000000a5800000| Untracked 
| 601|0x00000000a5900000, 0x00000000a5900000, 0x00000000a5a00000|  0%| F|  |TAMS 0x00000000a5900000| PB 0x00000000a5900000| Untracked 
| 602|0x00000000a5a00000, 0x00000000a5a00000, 0x00000000a5b00000|  0%| F|  |TAMS 0x00000000a5a00000| PB 0x00000000a5a00000| Untracked 
| 603|0x00000000a5b00000, 0x00000000a5b00000, 0x00000000a5c00000|  0%| F|  |TAMS 0x00000000a5b00000| PB 0x00000000a5b00000| Untracked 
|1997|0x00000000fcd00000, 0x00000000fce00000, 0x00000000fce00000|100%| O|  |TAMS 0x00000000fce00000| PB 0x00000000fcd00000| Untracked 
|1998|0x00000000fce00000, 0x00000000fce00000, 0x00000000fcf00000|  0%| F|  |TAMS 0x00000000fce00000| PB 0x00000000fce00000| Untracked 
|1999|0x00000000fcf00000, 0x00000000fd000000, 0x00000000fd000000|100%| O|  |TAMS 0x00000000fd000000| PB 0x00000000fcf00000| Untracked 
|2000|0x00000000fd000000, 0x00000000fd100000, 0x00000000fd100000|100%| O|  |TAMS 0x00000000fd100000| PB 0x00000000fd000000| Untracked 
|2001|0x00000000fd100000, 0x00000000fd200000, 0x00000000fd200000|100%| O|  |TAMS 0x00000000fd200000| PB 0x00000000fd100000| Untracked 
|2002|0x00000000fd200000, 0x00000000fd200000, 0x00000000fd300000|  0%| F|  |TAMS 0x00000000fd200000| PB 0x00000000fd200000| Untracked 
|2003|0x00000000fd300000, 0x00000000fd300000, 0x00000000fd400000|  0%| F|  |TAMS 0x00000000fd300000| PB 0x00000000fd300000| Untracked 
|2004|0x00000000fd400000, 0x00000000fd400000, 0x00000000fd500000|  0%| F|  |TAMS 0x00000000fd400000| PB 0x00000000fd400000| Untracked 
|2005|0x00000000fd500000, 0x00000000fd500000, 0x00000000fd600000|  0%| F|  |TAMS 0x00000000fd500000| PB 0x00000000fd500000| Untracked 
|2006|0x00000000fd600000, 0x00000000fd600000, 0x00000000fd700000|  0%| F|  |TAMS 0x00000000fd600000| PB 0x00000000fd600000| Untracked 
|2007|0x00000000fd700000, 0x00000000fd700000, 0x00000000fd800000|  0%| F|  |TAMS 0x00000000fd700000| PB 0x00000000fd700000| Untracked 
|2008|0x00000000fd800000, 0x00000000fd800000, 0x00000000fd900000|  0%| F|  |TAMS 0x00000000fd800000| PB 0x00000000fd800000| Untracked 
|2009|0x00000000fd900000, 0x00000000fd900000, 0x00000000fda00000|  0%| F|  |TAMS 0x00000000fd900000| PB 0x00000000fd900000| Untracked 
|2010|0x00000000fda00000, 0x00000000fda00000, 0x00000000fdb00000|  0%| F|  |TAMS 0x00000000fda00000| PB 0x00000000fda00000| Untracked 
|2011|0x00000000fdb00000, 0x00000000fdb00000, 0x00000000fdc00000|  0%| F|  |TAMS 0x00000000fdb00000| PB 0x00000000fdb00000| Untracked 
|2012|0x00000000fdc00000, 0x00000000fdd00000, 0x00000000fdd00000|100%| O|  |TAMS 0x00000000fdd00000| PB 0x00000000fdc00000| Untracked 
|2013|0x00000000fdd00000, 0x00000000fde00000, 0x00000000fde00000|100%| O|  |TAMS 0x00000000fde00000| PB 0x00000000fdd00000| Untracked 
|2014|0x00000000fde00000, 0x00000000fde00000, 0x00000000fdf00000|  0%| F|  |TAMS 0x00000000fde00000| PB 0x00000000fde00000| Untracked 
|2015|0x00000000fdf00000, 0x00000000fe000000, 0x00000000fe000000|100%| O|  |TAMS 0x00000000fe000000| PB 0x00000000fdf00000| Untracked 
|2016|0x00000000fe000000, 0x00000000fe100000, 0x00000000fe100000|100%| O|  |TAMS 0x00000000fe100000| PB 0x00000000fe000000| Untracked 
|2017|0x00000000fe100000, 0x00000000fe200000, 0x00000000fe200000|100%| O|  |TAMS 0x00000000fe200000| PB 0x00000000fe100000| Untracked 
|2018|0x00000000fe200000, 0x00000000fe200000, 0x00000000fe300000|  0%| F|  |TAMS 0x00000000fe200000| PB 0x00000000fe200000| Untracked 
|2019|0x00000000fe300000, 0x00000000fe300000, 0x00000000fe400000|  0%| F|  |TAMS 0x00000000fe300000| PB 0x00000000fe300000| Untracked 
|2020|0x00000000fe400000, 0x00000000fe400000, 0x00000000fe500000|  0%| F|  |TAMS 0x00000000fe400000| PB 0x00000000fe400000| Untracked 
|2021|0x00000000fe500000, 0x00000000fe500000, 0x00000000fe600000|  0%| F|  |TAMS 0x00000000fe500000| PB 0x00000000fe500000| Untracked 
|2022|0x00000000fe600000, 0x00000000fe600000, 0x00000000fe700000|  0%| F|  |TAMS 0x00000000fe600000| PB 0x00000000fe600000| Untracked 
|2023|0x00000000fe700000, 0x00000000fe700000, 0x00000000fe800000|  0%| F|  |TAMS 0x00000000fe700000| PB 0x00000000fe700000| Untracked 
|2024|0x00000000fe800000, 0x00000000fe900000, 0x00000000fe900000|100%| O|  |TAMS 0x00000000fe900000| PB 0x00000000fe800000| Untracked 
|2025|0x00000000fe900000, 0x00000000fea00000, 0x00000000fea00000|100%| O|  |TAMS 0x00000000fea00000| PB 0x00000000fe900000| Untracked 
|2026|0x00000000fea00000, 0x00000000feb00000, 0x00000000feb00000|100%| O|  |TAMS 0x00000000feb00000| PB 0x00000000fea00000| Untracked 
|2027|0x00000000feb00000, 0x00000000fec00000, 0x00000000fec00000|100%| O|  |TAMS 0x00000000fec00000| PB 0x00000000feb00000| Untracked 
|2028|0x00000000fec00000, 0x00000000fed00000, 0x00000000fed00000|100%| O|  |TAMS 0x00000000fed00000| PB 0x00000000fec00000| Untracked 
|2029|0x00000000fed00000, 0x00000000fed00000, 0x00000000fee00000|  0%| F|  |TAMS 0x00000000fed00000| PB 0x00000000fed00000| Untracked 
|2030|0x00000000fee00000, 0x00000000fee00000, 0x00000000fef00000|  0%| F|  |TAMS 0x00000000fee00000| PB 0x00000000fee00000| Untracked 
|2031|0x00000000fef00000, 0x00000000fef00000, 0x00000000ff000000|  0%| F|  |TAMS 0x00000000fef00000| PB 0x00000000fef00000| Untracked 
|2032|0x00000000ff000000, 0x00000000ff100000, 0x00000000ff100000|100%| O|  |TAMS 0x00000000ff100000| PB 0x00000000ff000000| Untracked 
|2033|0x00000000ff100000, 0x00000000ff200000, 0x00000000ff200000|100%| O|  |TAMS 0x00000000ff200000| PB 0x00000000ff100000| Untracked 
|2034|0x00000000ff200000, 0x00000000ff300000, 0x00000000ff300000|100%| O|  |TAMS 0x00000000ff300000| PB 0x00000000ff200000| Untracked 
|2035|0x00000000ff300000, 0x00000000ff400000, 0x00000000ff400000|100%| O|  |TAMS 0x00000000ff400000| PB 0x00000000ff300000| Untracked 
|2036|0x00000000ff400000, 0x00000000ff400000, 0x00000000ff500000|  0%| F|  |TAMS 0x00000000ff400000| PB 0x00000000ff400000| Untracked 
|2037|0x00000000ff500000, 0x00000000ff500000, 0x00000000ff600000|  0%| F|  |TAMS 0x00000000ff500000| PB 0x00000000ff500000| Untracked 
|2038|0x00000000ff600000, 0x00000000ff700000, 0x00000000ff700000|100%| O|  |TAMS 0x00000000ff700000| PB 0x00000000ff600000| Untracked 
|2039|0x00000000ff700000, 0x00000000ff800000, 0x00000000ff800000|100%| O|  |TAMS 0x00000000ff800000| PB 0x00000000ff700000| Untracked 
|2040|0x00000000ff800000, 0x00000000ff900000, 0x00000000ff900000|100%| O|  |TAMS 0x00000000ff900000| PB 0x00000000ff800000| Untracked 
|2041|0x00000000ff900000, 0x00000000ff900000, 0x00000000ffa00000|  0%| F|  |TAMS 0x00000000ff900000| PB 0x00000000ff900000| Untracked 
|2042|0x00000000ffa00000, 0x00000000ffb00000, 0x00000000ffb00000|100%| O|  |TAMS 0x00000000ffb00000| PB 0x00000000ffa00000| Untracked 
|2043|0x00000000ffb00000, 0x00000000ffc00000, 0x00000000ffc00000|100%| O|  |TAMS 0x00000000ffc00000| PB 0x00000000ffb00000| Untracked 
|2044|0x00000000ffc00000, 0x00000000ffd00000, 0x00000000ffd00000|100%| O|  |TAMS 0x00000000ffd00000| PB 0x00000000ffc00000| Untracked 
|2045|0x00000000ffd00000, 0x00000000ffe00000, 0x00000000ffe00000|100%| O|  |TAMS 0x00000000ffe00000| PB 0x00000000ffd00000| Untracked 
|2046|0x00000000ffe00000, 0x00000000fff00000, 0x00000000fff00000|100%| O|  |TAMS 0x00000000fff00000| PB 0x00000000ffe00000| Untracked 
|2047|0x00000000fff00000, 0x0000000100000000, 0x0000000100000000|100%| O|  |TAMS 0x0000000100000000| PB 0x00000000fff00000| Untracked 

Card table byte_map: [0x00000168d7220000,0x00000168d7620000] _byte_map_base: 0x00000168d6e20000

Marking Bits: (CMBitMap*) 0x00000168c49f2700
 Bits: [0x00000168d7620000, 0x00000168d9620000)

Polling page: 0x00000168c4160000

Metaspace:

Usage:
  Non-class:    220.39 MB used.
      Class:     31.63 MB used.
       Both:    252.03 MB used.

Virtual space:
  Non-class space:      256.00 MB reserved,     222.06 MB ( 87%) committed,  4 nodes.
      Class space:        1.00 GB reserved,      33.31 MB (  3%) committed,  1 nodes.
             Both:        1.25 GB reserved,     255.38 MB ( 20%) committed. 

Chunk freelists:
   Non-Class:  1.98 MB
       Class:  14.70 MB
        Both:  16.69 MB

MaxMetaspaceSize: unlimited
CompressedClassSpaceSize: 1.00 GB
Initial GC threshold: 21.00 MB
Current GC threshold: 367.44 MB
CDS: off
 - commit_granule_bytes: 65536.
 - commit_granule_words: 8192.
 - virtual_space_node_default_size: 8388608.
 - enlarge_chunks_in_place: 1.
 - use_allocation_guard: 0.


Internal statistics:

num_allocs_failed_limit: 8.
num_arena_births: 6346.
num_arena_deaths: 0.
num_vsnodes_births: 5.
num_vsnodes_deaths: 0.
num_space_committed: 4082.
num_space_uncommitted: 0.
num_chunks_returned_to_freelist: 8.
num_chunks_taken_from_freelist: 17066.
num_chunk_merges: 8.
num_chunk_splits: 11772.
num_chunks_enlarged: 8142.
num_inconsistent_stats: 0.

CodeHeap 'non-profiled nmethods': size=120000Kb used=21909Kb max_used=21909Kb free=98090Kb
 bounds [0x00000168cf5c0000, 0x00000168d0b30000, 0x00000168d6af0000]
CodeHeap 'profiled nmethods': size=120000Kb used=64075Kb max_used=64075Kb free=55924Kb
 bounds [0x00000168c7af0000, 0x00000168cb990000, 0x00000168cf020000]
CodeHeap 'non-nmethods': size=5760Kb used=3754Kb max_used=3795Kb free=2005Kb
 bounds [0x00000168cf020000, 0x00000168cf3e0000, 0x00000168cf5c0000]
 total_blobs=28792 nmethods=27438 adapters=1254
 compilation: enabled
              stopped_count=0, restarted_count=0
 full_count=0

Compilation events (20 events):
Event: 897.333 Thread 0x00000168dc230f00 nmethod 40556 0x00000168cb97ca10 code [0x00000168cb97cbe0, 0x00000168cb97cfd8]
Event: 897.333 Thread 0x00000168dc230f00 40561       3       com.android.tools.r8.internal.BR::b (64 bytes)
Event: 897.333 Thread 0x00000168dc230f00 nmethod 40561 0x00000168cb97d190 code [0x00000168cb97d340, 0x00000168cb97d608]
Event: 897.333 Thread 0x00000168dc230f00 40566       3       com.android.tools.r8.dex.L$$Lambda/0x0000000102139900::accept (12 bytes)
Event: 897.333 Thread 0x00000168dc230f00 nmethod 40566 0x00000168cb97d710 code [0x00000168cb97d8c0, 0x00000168cb97dae8]
Event: 897.333 Thread 0x00000168dc230f00 40567       3       com.android.tools.r8.dex.L::a (135 bytes)
Event: 897.334 Thread 0x00000168dc230f00 nmethod 40567 0x00000168cb97dc10 code [0x00000168cb97de80, 0x00000168cb97e660]
Event: 897.334 Thread 0x00000168dc230f00 40568       3       com.android.tools.r8.internal.NW::<init> (23 bytes)
Event: 897.334 Thread 0x00000168dc230f00 nmethod 40568 0x00000168cb97ea90 code [0x00000168cb97ec40, 0x00000168cb97efd0]
Event: 897.334 Thread 0x00000168dc230f00 40560       3       com.android.tools.r8.dex.u::c (25 bytes)
Event: 897.334 Thread 0x00000168dc230f00 nmethod 40560 0x00000168cb97f110 code [0x00000168cb97f2e0, 0x00000168cb97f548]
Event: 897.334 Thread 0x00000168dc230f00 40564       3       com.android.tools.r8.dex.L$$Lambda/0x0000000102138b50::accept (12 bytes)
Event: 897.335 Thread 0x00000168dc230f00 nmethod 40564 0x00000168cb97f690 code [0x00000168cb97f8a0, 0x00000168cb97fdd0]
Event: 897.335 Thread 0x00000168dc230f00 40569       3       com.android.tools.r8.graph.l1::a (9 bytes)
Event: 897.335 Thread 0x00000168dc230f00 nmethod 40569 0x00000168cb980090 code [0x00000168cb980240, 0x00000168cb980380]
Event: 897.335 Thread 0x00000168dc230f00 40557       3       com.android.tools.r8.graph.L4::L (12 bytes)
Event: 897.335 Thread 0x00000168dc230f00 nmethod 40557 0x00000168cb980490 code [0x00000168cb980640, 0x00000168cb9807f0]
Event: 897.335 Thread 0x00000168dc230f00 40546       3       com.android.tools.r8.dex.w::a (272 bytes)
Event: 897.338 Thread 0x00000168dc230f00 nmethod 40546 0x00000168cb980890 code [0x00000168cb980c00, 0x00000168cb9823a0]
Event: 897.338 Thread 0x00000168dc230f00 40565       3       com.android.tools.r8.dex.L::a (31 bytes)

GC Heap History (20 events):
Event: 873.876 GC heap after
{Heap after GC invocations=83 (full 0):
 garbage-first heap   total 542720K, used 297433K [0x0000000080000000, 0x0000000100000000)
  region size 1024K, 14 young (14336K), 14 survivors (14336K)
 Metaspace       used 222241K, committed 225536K, reserved 1310720K
  class space    used 27435K, committed 29120K, reserved 1048576K
}
Event: 874.861 GC heap before
{Heap before GC invocations=83 (full 0):
 garbage-first heap   total 542720K, used 309721K [0x0000000080000000, 0x0000000100000000)
  region size 1024K, 26 young (26624K), 14 survivors (14336K)
 Metaspace       used 222304K, committed 225600K, reserved 1310720K
  class space    used 27435K, committed 29120K, reserved 1048576K
}
Event: 874.947 GC heap after
{Heap after GC invocations=84 (full 0):
 garbage-first heap   total 542720K, used 297729K [0x0000000080000000, 0x0000000100000000)
  region size 1024K, 4 young (4096K), 4 survivors (4096K)
 Metaspace       used 222304K, committed 225600K, reserved 1310720K
  class space    used 27435K, committed 29120K, reserved 1048576K
}
Event: 875.566 GC heap before
{Heap before GC invocations=84 (full 0):
 garbage-first heap   total 542720K, used 319233K [0x0000000080000000, 0x0000000100000000)
  region size 1024K, 26 young (26624K), 4 survivors (4096K)
 Metaspace       used 222322K, committed 225600K, reserved 1310720K
  class space    used 27437K, committed 29120K, reserved 1048576K
}
Event: 875.629 GC heap after
{Heap after GC invocations=85 (full 0):
 garbage-first heap   total 542720K, used 299201K [0x0000000080000000, 0x0000000100000000)
  region size 1024K, 4 young (4096K), 4 survivors (4096K)
 Metaspace       used 222322K, committed 225600K, reserved 1310720K
  class space    used 27437K, committed 29120K, reserved 1048576K
}
Event: 876.121 GC heap before
{Heap before GC invocations=85 (full 0):
 garbage-first heap   total 542720K, used 315585K [0x0000000080000000, 0x0000000100000000)
  region size 1024K, 22 young (22528K), 4 survivors (4096K)
 Metaspace       used 222373K, committed 225600K, reserved 1310720K
  class space    used 27440K, committed 29120K, reserved 1048576K
}
Event: 876.154 GC heap after
{Heap after GC invocations=86 (full 0):
 garbage-first heap   total 670720K, used 300609K [0x0000000080000000, 0x0000000100000000)
  region size 1024K, 6 young (6144K), 6 survivors (6144K)
 Metaspace       used 222373K, committed 225600K, reserved 1310720K
  class space    used 27440K, committed 29120K, reserved 1048576K
}
Event: 887.368 GC heap before
{Heap before GC invocations=87 (full 0):
 garbage-first heap   total 670720K, used 605414K [0x0000000080000000, 0x0000000100000000)
  region size 1024K, 282 young (288768K), 6 survivors (6144K)
 Metaspace       used 225281K, committed 228544K, reserved 1310720K
  class space    used 27729K, committed 29376K, reserved 1048576K
}
Event: 887.444 GC heap after
{Heap after GC invocations=88 (full 0):
 garbage-first heap   total 670720K, used 309214K [0x0000000080000000, 0x0000000100000000)
  region size 1024K, 19 young (19456K), 19 survivors (19456K)
 Metaspace       used 225281K, committed 228544K, reserved 1310720K
  class space    used 27729K, committed 29376K, reserved 1048576K
}
Event: 887.596 GC heap before
{Heap before GC invocations=88 (full 0):
 garbage-first heap   total 670720K, used 322526K [0x0000000080000000, 0x0000000100000000)
  region size 1024K, 32 young (32768K), 19 survivors (19456K)
 Metaspace       used 225315K, committed 228544K, reserved 1310720K
  class space    used 27732K, committed 29376K, reserved 1048576K
}
Event: 887.720 GC heap after
{Heap after GC invocations=89 (full 0):
 garbage-first heap   total 670720K, used 306633K [0x0000000080000000, 0x0000000100000000)
  region size 1024K, 4 young (4096K), 4 survivors (4096K)
 Metaspace       used 225315K, committed 228544K, reserved 1310720K
  class space    used 27732K, committed 29376K, reserved 1048576K
}
Event: 890.490 GC heap before
{Heap before GC invocations=89 (full 0):
 garbage-first heap   total 670720K, used 441801K [0x0000000080000000, 0x0000000100000000)
  region size 1024K, 131 young (134144K), 4 survivors (4096K)
 Metaspace       used 234090K, committed 237376K, reserved 1310720K
  class space    used 28821K, committed 30464K, reserved 1048576K
}
Event: 890.523 GC heap after
{Heap after GC invocations=90 (full 0):
 garbage-first heap   total 670720K, used 321150K [0x0000000080000000, 0x0000000100000000)
  region size 1024K, 17 young (17408K), 17 survivors (17408K)
 Metaspace       used 234090K, committed 237376K, reserved 1310720K
  class space    used 28821K, committed 30464K, reserved 1048576K
}
Event: 891.533 GC heap before
{Heap before GC invocations=90 (full 0):
 garbage-first heap   total 670720K, used 355966K [0x0000000080000000, 0x0000000100000000)
  region size 1024K, 51 young (52224K), 17 survivors (17408K)
 Metaspace       used 236044K, committed 239360K, reserved 1310720K
  class space    used 29014K, committed 30656K, reserved 1048576K
}
Event: 891.599 GC heap after
{Heap after GC invocations=91 (full 0):
 garbage-first heap   total 670720K, used 319729K [0x0000000080000000, 0x0000000100000000)
  region size 1024K, 4 young (4096K), 4 survivors (4096K)
 Metaspace       used 236044K, committed 239360K, reserved 1310720K
  class space    used 29014K, committed 30656K, reserved 1048576K
}
Event: 894.755 GC heap before
{Heap before GC invocations=91 (full 0):
 garbage-first heap   total 670720K, used 508145K [0x0000000080000000, 0x0000000100000000)
  region size 1024K, 187 young (191488K), 4 survivors (4096K)
 Metaspace       used 249776K, committed 253120K, reserved 1310720K
  class space    used 31236K, committed 32960K, reserved 1048576K
}
Event: 895.046 GC heap after
{Heap after GC invocations=92 (full 0):
 garbage-first heap   total 670720K, used 333790K [0x0000000080000000, 0x0000000100000000)
  region size 1024K, 24 young (24576K), 24 survivors (24576K)
 Metaspace       used 249776K, committed 253120K, reserved 1310720K
  class space    used 31236K, committed 32960K, reserved 1048576K
}
Event: 895.115 GC heap before
{Heap before GC invocations=92 (full 0):
 garbage-first heap   total 670720K, used 341982K [0x0000000080000000, 0x0000000100000000)
  region size 1024K, 32 young (32768K), 24 survivors (24576K)
 Metaspace       used 250547K, committed 253888K, reserved 1310720K
  class space    used 31379K, committed 33088K, reserved 1048576K
}
Event: 895.203 GC heap after
{Heap after GC invocations=93 (full 0):
 garbage-first heap   total 670720K, used 331640K [0x0000000080000000, 0x0000000100000000)
  region size 1024K, 3 young (3072K), 3 survivors (3072K)
 Metaspace       used 250547K, committed 253888K, reserved 1310720K
  class space    used 31379K, committed 33088K, reserved 1048576K
}
Event: 897.339 GC heap before
{Heap before GC invocations=93 (full 0):
 garbage-first heap   total 670720K, used 471928K [0x0000000080000000, 0x0000000100000000)
  region size 1024K, 141 young (144384K), 3 survivors (3072K)
 Metaspace       used 258076K, committed 261504K, reserved 1310720K
  class space    used 32392K, committed 34112K, reserved 1048576K
}

Dll operation events (3 events):
Event: 0.100 Loaded shared library C:\Program Files\Android\Android Studio\jbr\bin\java.dll
Event: 0.220 Loaded shared library C:\Program Files\Android\Android Studio\jbr\bin\zip.dll
Event: 2.528 Loaded shared library C:\Program Files\Android\Android Studio\jbr\bin\verify.dll

Deoptimization events (20 events):
Event: 896.999 Thread 0x00000168f05f8ce0 Uncommon trap: trap_request=0xffffff45 fr.pc=0x00000168cf920ebc relative=0x00000000000000fc
Event: 896.999 Thread 0x00000168f05f8ce0 Uncommon trap: reason=unstable_if action=reinterpret pc=0x00000168cf920ebc method=java.util.concurrent.TimeUnit.convert(JLjava/util/concurrent/TimeUnit;)J @ 4 c2
Event: 896.999 Thread 0x00000168f05f8ce0 DEOPT PACKING pc=0x00000168cf920ebc sp=0x00000013b92fcc60
Event: 896.999 Thread 0x00000168f05f8ce0 DEOPT UNPACKING pc=0x00000168cf077da2 sp=0x00000013b92fcc10 mode 2
Event: 897.009 Thread 0x00000168e2c84160 DEOPT PACKING pc=0x00000168cb71aadc sp=0x00000013b7ffcfa0
Event: 897.009 Thread 0x00000168e2c84160 DEOPT UNPACKING pc=0x00000168cf0788e2 sp=0x00000013b7ffc458 mode 0
Event: 897.010 Thread 0x00000168e2c84160 DEOPT PACKING pc=0x00000168cb81247c sp=0x00000013b7ffd020
Event: 897.010 Thread 0x00000168e2c84160 DEOPT UNPACKING pc=0x00000168cf0788e2 sp=0x00000013b7ffc4d8 mode 0
Event: 897.025 Thread 0x00000168f0db5f80 Uncommon trap: trap_request=0xffffff6e fr.pc=0x00000168d0aa0c18 relative=0x00000000000030b8
Event: 897.025 Thread 0x00000168f0db5f80 Uncommon trap: reason=loop_limit_check action=maybe_recompile pc=0x00000168d0aa0c18 method=com.android.tools.r8.internal.hb.a(Lcom/android/tools/r8/internal/aB;IZ)V @ 809 c2
Event: 897.025 Thread 0x00000168f0db5f80 DEOPT PACKING pc=0x00000168d0aa0c18 sp=0x00000013b23fc5f0
Event: 897.025 Thread 0x00000168f0db5f80 DEOPT UNPACKING pc=0x00000168cf077da2 sp=0x00000013b23fc5c0 mode 2
Event: 897.105 Thread 0x00000168f0db5f80 Uncommon trap: trap_request=0xffffff45 fr.pc=0x00000168d0a76978 relative=0x0000000000000158
Event: 897.105 Thread 0x00000168f0db5f80 Uncommon trap: reason=unstable_if action=reinterpret pc=0x00000168d0a76978 method=com.android.tools.r8.graph.L2.a([B[C)I @ 39 c2
Event: 897.105 Thread 0x00000168f0db5f80 DEOPT PACKING pc=0x00000168d0a76978 sp=0x00000013b23fc1a0
Event: 897.105 Thread 0x00000168f0db5f80 DEOPT UNPACKING pc=0x00000168cf077da2 sp=0x00000013b23fc108 mode 2
Event: 897.121 Thread 0x00000168f0db5f80 DEOPT PACKING pc=0x00000168cb56477f sp=0x00000013b23fb890
Event: 897.121 Thread 0x00000168f0db5f80 DEOPT UNPACKING pc=0x00000168cf0788e2 sp=0x00000013b23fad80 mode 0
Event: 897.318 Thread 0x00000168f0db5f80 DEOPT PACKING pc=0x00000168cb6ad1a5 sp=0x00000013b23fcd20
Event: 897.318 Thread 0x00000168f0db5f80 DEOPT UNPACKING pc=0x00000168cf0788e2 sp=0x00000013b23fc210 mode 0

Classes loaded (20 events):
Event: 895.266 Loading class java/util/SortedSet$1
Event: 895.267 Loading class java/util/SortedSet$1 done
Event: 895.278 Loading class java/util/stream/SliceOps
Event: 895.279 Loading class java/util/stream/SliceOps done
Event: 895.279 Loading class java/util/stream/SliceOps$1
Event: 895.280 Loading class java/util/stream/SliceOps$1 done
Event: 895.283 Loading class java/util/stream/SliceOps$1$1
Event: 895.284 Loading class java/util/stream/SliceOps$1$1 done
Event: 896.417 Loading class java/nio/ShortBuffer
Event: 896.423 Loading class java/nio/ShortBuffer done
Event: 896.804 Loading class java/nio/ByteBufferAsShortBufferL
Event: 896.807 Loading class java/nio/ByteBufferAsShortBufferL done
Event: 896.933 Loading class java/util/zip/Adler32
Event: 896.934 Loading class java/util/zip/Adler32 done
Event: 896.988 Loading class java/util/zip/Deflater
Event: 896.990 Loading class java/util/zip/Deflater done
Event: 896.991 Loading class java/util/zip/Deflater$DeflaterZStreamRef
Event: 896.992 Loading class java/util/zip/Deflater$DeflaterZStreamRef done
Event: 896.997 Loading class java/util/zip/ZipOutputStream$XEntry
Event: 896.998 Loading class java/util/zip/ZipOutputStream$XEntry done

Classes unloaded (0 events):
No events

Classes redefined (0 events):
No events

Internal exceptions (20 events):
Event: 895.538 Thread 0x00000168f05f3100 Exception <a 'java/lang/NoSuchMethodError'{0x00000000a48f4d28}: 'int java.lang.invoke.DirectMethodHandle$Holder.invokeInterface(java.lang.Object, java.lang.Object, int)'> (0x00000000a48f4d28) 
thrown [s\src\hotspot\share\interpreter\linkResolver.cpp, line 784]
Event: 895.611 Thread 0x00000168f05f5ef0 Exception <a 'java/lang/NoSuchMethodError'{0x00000000a4240928}: 'void java.lang.invoke.DirectMethodHandle$Holder.invokeSpecial(java.lang.Object, java.lang.Object, java.lang.Object, int, java.lang.Object, java.lang.Object, java.lang.Object, java.lang.Object)'> (0x00000000a4240928) 
thrown [s\src\hotspot\share\interpreter\linkResolver.cpp, line 784]
Event: 895.615 Thread 0x00000168f05f16c0 Exception <a 'java/lang/NoSuchMethodError'{0x00000000a4274578}: 'void java.lang.invoke.DirectMethodHandle$Holder.invokeStatic(java.lang.Object, java.lang.Object, java.lang.Object, java.lang.Object, java.lang.Object, java.lang.Object, java.lang.Object, java.lang.Object)'> (0x00000000a4274578) 
thrown [s\src\hotspot\share\interpreter\linkResolver.cpp, line 784]
Event: 895.889 Thread 0x00000168f0db5f80 Exception <a 'java/lang/NoSuchMethodError'{0x00000000a2ce8cf8}: 'java.lang.Object java.lang.invoke.DirectMethodHandle$Holder.invokeInterface(java.lang.Object, java.lang.Object, int)'> (0x00000000a2ce8cf8) 
thrown [s\src\hotspot\share\interpreter\linkResolver.cpp, line 784]
Event: 896.096 Thread 0x00000168f05f16c0 Exception <a 'java/lang/IncompatibleClassChangeError'{0x00000000a2351cd8}: Found class java.lang.Object, but interface was expected> (0x00000000a2351cd8) 
thrown [s\src\hotspot\share\interpreter\linkResolver.cpp, line 851]
Event: 896.889 Thread 0x00000168f05f3100 Implicit null exception at 0x00000168d0a6ed80 to 0x00000168d0a6eeb0
Event: 897.012 Thread 0x00000168f05f3100 Exception <a 'sun/nio/fs/WindowsException'{0x000000009f9ebba0}> (0x000000009f9ebba0) 
thrown [s\src\hotspot\share\prims\jni.cpp, line 535]
Event: 897.013 Thread 0x00000168f05f3100 Exception <a 'sun/nio/fs/WindowsException'{0x000000009f9ec640}> (0x000000009f9ec640) 
thrown [s\src\hotspot\share\prims\jni.cpp, line 535]
Event: 897.013 Thread 0x00000168f05f3100 Exception <a 'sun/nio/fs/WindowsException'{0x000000009f805e90}> (0x000000009f805e90) 
thrown [s\src\hotspot\share\prims\jni.cpp, line 535]
Event: 897.015 Thread 0x00000168e2c84160 Exception <a 'sun/nio/fs/WindowsException'{0x000000009f8197b8}> (0x000000009f8197b8) 
thrown [s\src\hotspot\share\prims\jni.cpp, line 535]
Event: 897.022 Thread 0x00000168e2c84160 Exception <a 'sun/nio/fs/WindowsException'{0x000000009f8f8430}> (0x000000009f8f8430) 
thrown [s\src\hotspot\share\prims\jni.cpp, line 535]
Event: 897.025 Thread 0x00000168f05f3100 Exception <a 'sun/nio/fs/WindowsException'{0x000000009f837ab0}> (0x000000009f837ab0) 
thrown [s\src\hotspot\share\prims\jni.cpp, line 535]
Event: 897.031 Thread 0x00000168f0dbc880 Exception <a 'sun/nio/fs/WindowsException'{0x000000009f79e320}> (0x000000009f79e320) 
thrown [s\src\hotspot\share\prims\jni.cpp, line 535]
Event: 897.042 Thread 0x00000168f05f3100 Exception <a 'sun/nio/fs/WindowsException'{0x000000009f7fdf58}> (0x000000009f7fdf58) 
thrown [s\src\hotspot\share\prims\jni.cpp, line 535]
Event: 897.051 Thread 0x00000168f0dbc880 Exception <a 'sun/nio/fs/WindowsException'{0x000000009f5994c8}> (0x000000009f5994c8) 
thrown [s\src\hotspot\share\prims\jni.cpp, line 535]
Event: 897.053 Thread 0x00000168f05f3100 Exception <a 'sun/nio/fs/WindowsException'{0x000000009f5bc5c8}> (0x000000009f5bc5c8) 
thrown [s\src\hotspot\share\prims\jni.cpp, line 535]
Event: 897.055 Thread 0x00000168f05f3100 Exception <a 'sun/nio/fs/WindowsException'{0x000000009f5c1430}> (0x000000009f5c1430) 
thrown [s\src\hotspot\share\prims\jni.cpp, line 535]
Event: 897.058 Thread 0x00000168f0dbc880 Exception <a 'sun/nio/fs/WindowsException'{0x000000009f48fc10}> (0x000000009f48fc10) 
thrown [s\src\hotspot\share\prims\jni.cpp, line 535]
Event: 897.331 Thread 0x00000168f0db5f80 Exception <a 'sun/nio/fs/WindowsException'{0x000000009e8c10e0}> (0x000000009e8c10e0) 
thrown [s\src\hotspot\share\prims\jni.cpp, line 535]
Event: 897.335 Thread 0x00000168f0db5f80 Exception <a 'sun/nio/fs/WindowsException'{0x000000009e8d0940}> (0x000000009e8d0940) 
thrown [s\src\hotspot\share\prims\jni.cpp, line 535]

ZGC Phase Switch (0 events):
No events

VM Operations (20 events):
Event: 896.635 Executing VM operation: HandshakeAllThreads (Deoptimize) done
Event: 896.647 Executing VM operation: ICBufferFull
Event: 896.664 Executing VM operation: ICBufferFull done
Event: 896.665 Executing VM operation: ICBufferFull
Event: 896.666 Executing VM operation: ICBufferFull done
Event: 896.832 Executing VM operation: ICBufferFull
Event: 896.838 Executing VM operation: ICBufferFull done
Event: 896.934 Executing VM operation: HandshakeAllThreads (Deoptimize)
Event: 896.945 Executing VM operation: HandshakeAllThreads (Deoptimize) done
Event: 896.947 Executing VM operation: ICBufferFull
Event: 896.947 Executing VM operation: ICBufferFull done
Event: 896.955 Executing VM operation: HandshakeAllThreads (Deoptimize)
Event: 896.958 Executing VM operation: HandshakeAllThreads (Deoptimize) done
Event: 896.994 Executing VM operation: HandshakeAllThreads (Deoptimize)
Event: 897.008 Executing VM operation: HandshakeAllThreads (Deoptimize) done
Event: 897.039 Executing VM operation: ICBufferFull
Event: 897.039 Executing VM operation: ICBufferFull done
Event: 897.218 Executing VM operation: ICBufferFull
Event: 897.218 Executing VM operation: ICBufferFull done
Event: 897.338 Executing VM operation: G1TryInitiateConcMark (CodeCache GC Threshold)

Memory protections (0 events):
No events

Nmethod flushes (20 events):
Event: 878.204 Thread 0x00000168dc1d8070 flushing  nmethod 0x00000168c8ed0790
Event: 878.204 Thread 0x00000168dc1d8070 flushing  nmethod 0x00000168c8f99d10
Event: 878.204 Thread 0x00000168dc1d8070 flushing  nmethod 0x00000168c9470590
Event: 878.204 Thread 0x00000168dc1d8070 flushing  nmethod 0x00000168c94bf090
Event: 878.204 Thread 0x00000168dc1d8070 flushing  nmethod 0x00000168c985b410
Event: 878.204 Thread 0x00000168dc1d8070 flushing  nmethod 0x00000168c99e5790
Event: 878.204 Thread 0x00000168dc1d8070 flushing  nmethod 0x00000168c9b85e10
Event: 878.204 Thread 0x00000168dc1d8070 flushing  nmethod 0x00000168c9e09b10
Event: 878.204 Thread 0x00000168dc1d8070 flushing  nmethod 0x00000168c9e1da90
Event: 878.204 Thread 0x00000168dc1d8070 flushing  nmethod 0x00000168c9f8ee90
Event: 878.204 Thread 0x00000168dc1d8070 flushing  nmethod 0x00000168c9ffe290
Event: 878.204 Thread 0x00000168dc1d8070 flushing  nmethod 0x00000168ca000510
Event: 878.204 Thread 0x00000168dc1d8070 flushing  nmethod 0x00000168ca0ad010
Event: 878.204 Thread 0x00000168dc1d8070 flushing  nmethod 0x00000168ca0d8890
Event: 878.204 Thread 0x00000168dc1d8070 flushing  nmethod 0x00000168ca30ab90
Event: 878.204 Thread 0x00000168dc1d8070 flushing  nmethod 0x00000168ca30b410
Event: 878.204 Thread 0x00000168dc1d8070 flushing  nmethod 0x00000168ca366490
Event: 878.204 Thread 0x00000168dc1d8070 flushing  nmethod 0x00000168ca385310
Event: 878.204 Thread 0x00000168dc1d8070 flushing  nmethod 0x00000168ca38b090
Event: 878.204 Thread 0x00000168dc1d8070 flushing  nmethod 0x00000168ca3ff890

Events (20 events):
Event: 891.918 Thread 0x00000168f1101a90 Thread added: 0x00000168f05f7930
Event: 891.918 Thread 0x00000168f1101a90 Thread added: 0x00000168f05f2a70
Event: 891.918 Thread 0x00000168f1101a90 Thread added: 0x00000168f05f5860
Event: 891.919 Thread 0x00000168f1101a90 Thread added: 0x00000168f05f3790
Event: 891.919 Thread 0x00000168f1101a90 Thread added: 0x00000168f05f6c10
Event: 891.919 Thread 0x00000168f1101a90 Thread added: 0x00000168f05f7fc0
Event: 891.919 Thread 0x00000168f1101a90 Thread added: 0x00000168f05f8650
Event: 892.618 Thread 0x00000168f1101a90 Thread added: 0x00000168f05f5ef0
Event: 892.620 Thread 0x00000168f1101a90 Thread added: 0x00000168f05f3100
Event: 892.620 Thread 0x00000168f1101a90 Thread added: 0x00000168f05f16c0
Event: 892.621 Thread 0x00000168f1101a90 Thread added: 0x00000168f05f6580
Event: 892.642 Thread 0x00000168f1101a90 Thread added: 0x00000168f05f8ce0
Event: 892.957 Thread 0x00000168f17d12b0 Thread exited: 0x00000168f17d12b0
Event: 893.087 Thread 0x00000168dc230f00 Thread added: 0x00000168f17ce300
Event: 893.701 Thread 0x00000168f17ce300 Thread exited: 0x00000168f17ce300
Event: 893.995 Thread 0x00000168dc230f00 Thread added: 0x00000168f17d12b0
Event: 894.334 Thread 0x00000168f17d12b0 Thread exited: 0x00000168f17d12b0
Event: 894.502 Thread 0x00000168dc230f00 Thread added: 0x00000168f17d12b0
Event: 895.206 Thread 0x00000168f17d12b0 Thread exited: 0x00000168f17d12b0
Event: 895.787 Thread 0x00000168dc230f00 Thread added: 0x00000168f7992a60


Dynamic libraries:
0x00007ff790b60000 - 0x00007ff790b6a000 	C:\Program Files\Android\Android Studio\jbr\bin\java.exe
0x00007fff78b90000 - 0x00007fff78da7000 	C:\WINDOWS\SYSTEM32\ntdll.dll
0x00007fff76f50000 - 0x00007fff77014000 	C:\WINDOWS\System32\KERNEL32.DLL
0x00007fff75d50000 - 0x00007fff76121000 	C:\WINDOWS\System32\KERNELBASE.dll
0x00007fff76460000 - 0x00007fff76571000 	C:\WINDOWS\System32\ucrtbase.dll
0x00007fff68630000 - 0x00007fff68648000 	C:\Program Files\Android\Android Studio\jbr\bin\jli.dll
0x00007fff67660000 - 0x00007fff6767b000 	C:\Program Files\Android\Android Studio\jbr\bin\VCRUNTIME140.dll
0x00007fff773a0000 - 0x00007fff77551000 	C:\WINDOWS\System32\USER32.dll
0x00007fff76830000 - 0x00007fff76856000 	C:\WINDOWS\System32\win32u.dll
0x00007fff77d70000 - 0x00007fff77d99000 	C:\WINDOWS\System32\GDI32.dll
0x00007fff762a0000 - 0x00007fff763bb000 	C:\WINDOWS\System32\gdi32full.dll
0x00007fff763c0000 - 0x00007fff7645a000 	C:\WINDOWS\System32\msvcp_win.dll
0x00007fff5eb80000 - 0x00007fff5ee12000 	C:\WINDOWS\WinSxS\amd64_microsoft.windows.common-controls_6595b64144ccf1df_6.0.22621.4830_none_270fe7d773858e80\COMCTL32.dll
0x00007fff78040000 - 0x00007fff780e7000 	C:\WINDOWS\System32\msvcrt.dll
0x00007fff76f10000 - 0x00007fff76f41000 	C:\WINDOWS\System32\IMM32.DLL
0x00007fff68620000 - 0x00007fff6862c000 	C:\Program Files\Android\Android Studio\jbr\bin\vcruntime140_1.dll
0x00007fff3c090000 - 0x00007fff3c11d000 	C:\Program Files\Android\Android Studio\jbr\bin\msvcp140.dll
0x00007ffec2ef0000 - 0x00007ffec3b7b000 	C:\Program Files\Android\Android Studio\jbr\bin\server\jvm.dll
0x00007fff77040000 - 0x00007fff770f1000 	C:\WINDOWS\System32\ADVAPI32.dll
0x00007fff76860000 - 0x00007fff76907000 	C:\WINDOWS\System32\sechost.dll
0x00007fff76130000 - 0x00007fff76158000 	C:\WINDOWS\System32\bcrypt.dll
0x00007fff76ad0000 - 0x00007fff76be4000 	C:\WINDOWS\System32\RPCRT4.dll
0x00007fff77eb0000 - 0x00007fff77f21000 	C:\WINDOWS\System32\WS2_32.dll
0x00007fff75ba0000 - 0x00007fff75bed000 	C:\WINDOWS\SYSTEM32\POWRPROF.dll
0x00007fff718a0000 - 0x00007fff718d4000 	C:\WINDOWS\SYSTEM32\WINMM.dll
0x00007fff6e740000 - 0x00007fff6e74a000 	C:\WINDOWS\SYSTEM32\VERSION.dll
0x00007fff75b80000 - 0x00007fff75b93000 	C:\WINDOWS\SYSTEM32\UMPDC.dll
0x00007fff74d20000 - 0x00007fff74d38000 	C:\WINDOWS\SYSTEM32\kernel.appcore.dll
0x00007fff68610000 - 0x00007fff6861a000 	C:\Program Files\Android\Android Studio\jbr\bin\jimage.dll
0x00007fff6e8d0000 - 0x00007fff6eb02000 	C:\WINDOWS\SYSTEM32\DBGHELP.DLL
0x00007fff77560000 - 0x00007fff778f0000 	C:\WINDOWS\System32\combase.dll
0x00007fff76e10000 - 0x00007fff76ee7000 	C:\WINDOWS\System32\OLEAUT32.dll
0x00007fff5d870000 - 0x00007fff5d8a2000 	C:\WINDOWS\SYSTEM32\dbgcore.DLL
0x00007fff75cd0000 - 0x00007fff75d4b000 	C:\WINDOWS\System32\bcryptPrimitives.dll
0x00007fff685c0000 - 0x00007fff685ce000 	C:\Program Files\Android\Android Studio\jbr\bin\instrument.dll
0x00007fff67640000 - 0x00007fff67660000 	C:\Program Files\Android\Android Studio\jbr\bin\java.dll
0x00007fff626c0000 - 0x00007fff626d8000 	C:\Program Files\Android\Android Studio\jbr\bin\zip.dll
0x00007fff780f0000 - 0x00007fff78978000 	C:\WINDOWS\System32\SHELL32.dll
0x00007fff76160000 - 0x00007fff7629f000 	C:\WINDOWS\System32\wintypes.dll
0x00007fff73c30000 - 0x00007fff7453d000 	C:\WINDOWS\SYSTEM32\windows.storage.dll
0x00007fff77f30000 - 0x00007fff7803a000 	C:\WINDOWS\System32\SHCORE.dll
0x00007fff771c0000 - 0x00007fff7721e000 	C:\WINDOWS\System32\shlwapi.dll
0x00007fff75c00000 - 0x00007fff75c2b000 	C:\WINDOWS\SYSTEM32\profapi.dll
0x00007fff67c70000 - 0x00007fff67c80000 	C:\Program Files\Android\Android Studio\jbr\bin\net.dll
0x00007fff727d0000 - 0x00007fff728fc000 	C:\WINDOWS\SYSTEM32\WINHTTP.dll
0x00007fff75190000 - 0x00007fff751fa000 	C:\WINDOWS\system32\mswsock.dll
0x00007fff61e60000 - 0x00007fff61e76000 	C:\Program Files\Android\Android Studio\jbr\bin\nio.dll
0x00007fff61e20000 - 0x00007fff61e30000 	C:\Program Files\Android\Android Studio\jbr\bin\verify.dll
0x00007fff68650000 - 0x00007fff68677000 	C:\Users\Kamogelo\.gradle\native\1def1411415f61bf3af743bc5b6707747c0891f09f0c88961ee8f79bc544acac\windows-amd64\native-platform.dll
0x00007fff45000000 - 0x00007fff45078000 	C:\Users\Kamogelo\.gradle\native\0.2.7\x86_64-windows-gnu\gradle-fileevents.dll
0x00007fff61e50000 - 0x00007fff61e59000 	C:\Program Files\Android\Android Studio\jbr\bin\management.dll
0x00007fff61e40000 - 0x00007fff61e4b000 	C:\Program Files\Android\Android Studio\jbr\bin\management_ext.dll
0x00007fff77100000 - 0x00007fff77108000 	C:\WINDOWS\System32\PSAPI.DLL
0x00007fff747a0000 - 0x00007fff747cd000 	C:\WINDOWS\SYSTEM32\IPHLPAPI.DLL
0x00007fff772a0000 - 0x00007fff772a9000 	C:\WINDOWS\System32\NSI.dll
0x00007fff61ff0000 - 0x00007fff61ff9000 	C:\Program Files\Android\Android Studio\jbr\bin\extnet.dll
0x00007fff753e0000 - 0x00007fff753fb000 	C:\WINDOWS\SYSTEM32\CRYPTSP.dll
0x00007fff74c80000 - 0x00007fff74cb7000 	C:\WINDOWS\system32\rsaenh.dll
0x00007fff75280000 - 0x00007fff752a8000 	C:\WINDOWS\SYSTEM32\USERENV.dll
0x00007fff75400000 - 0x00007fff7540c000 	C:\WINDOWS\SYSTEM32\CRYPTBASE.dll
0x00007ffec63d0000 - 0x00007ffec63d8000 	C:\WINDOWS\system32\wshunix.dll
0x00007fff74810000 - 0x00007fff74912000 	C:\WINDOWS\SYSTEM32\DNSAPI.dll
0x00007fff71b40000 - 0x00007fff71b4a000 	C:\Windows\System32\rasadhlp.dll
0x00007fff71eb0000 - 0x00007fff71f33000 	C:\WINDOWS\System32\fwpuclnt.dll
0x00007fff74e30000 - 0x00007fff74e64000 	C:\WINDOWS\SYSTEM32\ntmarta.dll

dbghelp: loaded successfully - version: 4.0.5 - missing functions: none
symbol engine: initialized successfully - sym options: 0x614 - pdb path: .;C:\Program Files\Android\Android Studio\jbr\bin;C:\WINDOWS\SYSTEM32;C:\WINDOWS\WinSxS\amd64_microsoft.windows.common-controls_6595b64144ccf1df_6.0.22621.4830_none_270fe7d773858e80;C:\Program Files\Android\Android Studio\jbr\bin\server;C:\Users\Kamogelo\.gradle\native\1def1411415f61bf3af743bc5b6707747c0891f09f0c88961ee8f79bc544acac\windows-amd64;C:\Users\Kamogelo\.gradle\native\0.2.7\x86_64-windows-gnu

VM Arguments:
jvm_args: --add-opens=java.base/java.lang=ALL-UNNAMED --add-opens=java.base/java.lang.invoke=ALL-UNNAMED --add-opens=java.base/java.util=ALL-UNNAMED --add-opens=java.prefs/java.util.prefs=ALL-UNNAMED --add-exports=jdk.compiler/com.sun.tools.javac.api=ALL-UNNAMED --add-exports=jdk.compiler/com.sun.tools.javac.util=ALL-UNNAMED --add-opens=java.base/java.util=ALL-UNNAMED --add-opens=java.prefs/java.util.prefs=ALL-UNNAMED --add-opens=java.base/java.nio.charset=ALL-UNNAMED --add-opens=java.base/java.net=ALL-UNNAMED --add-opens=java.base/java.util.concurrent.atomic=ALL-UNNAMED --add-opens=java.xml/javax.xml.namespace=ALL-UNNAMED -Xmx2048m -Dfile.encoding=UTF-8 -Duser.country=US -Duser.language=en -Duser.variant -javaagent:C:\Users\Kamogelo\.gradle\wrapper\dists\gradle-8.13-bin\5xuhj0ry160q40clulazy9h7d\gradle-8.13\lib\agents\gradle-instrumentation-agent-8.13.jar 
java_command: org.gradle.launcher.daemon.bootstrap.GradleDaemon 8.13
java_class_path (initial): C:\Users\Kamogelo\.gradle\wrapper\dists\gradle-8.13-bin\5xuhj0ry160q40clulazy9h7d\gradle-8.13\lib\gradle-daemon-main-8.13.jar
Launcher Type: SUN_STANDARD

[Global flags]
     intx CICompilerCount                          = 4                                         {product} {ergonomic}
     uint ConcGCThreads                            = 2                                         {product} {ergonomic}
     uint G1ConcRefinementThreads                  = 8                                         {product} {ergonomic}
   size_t G1HeapRegionSize                         = 1048576                                   {product} {ergonomic}
    uintx GCDrainStackTargetSize                   = 64                                        {product} {ergonomic}
   size_t InitialHeapSize                          = 132120576                                 {product} {ergonomic}
   size_t MarkStackSize                            = 4194304                                   {product} {ergonomic}
   size_t MaxHeapSize                              = 2147483648                                {product} {command line}
   size_t MaxNewSize                               = 1287651328                                {product} {ergonomic}
   size_t MinHeapDeltaBytes                        = 1048576                                   {product} {ergonomic}
   size_t MinHeapSize                              = 8388608                                   {product} {ergonomic}
    uintx NonNMethodCodeHeapSize                   = 5839372                                {pd product} {ergonomic}
    uintx NonProfiledCodeHeapSize                  = 122909434                              {pd product} {ergonomic}
    uintx ProfiledCodeHeapSize                     = 122909434                              {pd product} {ergonomic}
    uintx ReservedCodeCacheSize                    = 251658240                              {pd product} {ergonomic}
     bool SegmentedCodeCache                       = true                                      {product} {ergonomic}
   size_t SoftMaxHeapSize                          = 2147483648                             {manageable} {ergonomic}
     bool UseCompressedOops                        = true                           {product lp64_product} {ergonomic}
     bool UseG1GC                                  = true                                      {product} {ergonomic}
     bool UseLargePagesIndividualAllocation        = false                                  {pd product} {ergonomic}

Logging:
Log output configuration:
 #0: stdout all=warning uptime,level,tags foldmultilines=false
 #1: stderr all=off uptime,level,tags foldmultilines=false

Environment Variables:
JAVA_HOME=C:\Program Files\Java\jdk-17
PATH=C:\Program Files (x86)\Common Files\Oracle\Java\javapath;C:\Program Files\Common Files\Oracle\Java\javapath;C:\Windows\System32\HWAudioDriverLibs;C:\Windows\system32;C:\Windows;C:\Windows\System32\Wbem;C:\Windows\System32\WindowsPowerShell\v1.0\;C:\Windows\System32\OpenSSH\;C:\Users\Administrator\AppData\Local\Microsoft\WindowsApps;C:\Program Files\Java\jdk-22\bin;C:\Program Files\Java\jdk-17\bin;C:\WINDOWS\system32;C:\WINDOWS;C:\WINDOWS\System32\Wbem;C:\WINDOWS\System32\WindowsPowerShell\v1.0\;C:\WINDOWS\System32\OpenSSH\;C:\Program Files\Git\cmd;C:\Program Files\nodejs\;C:\Users\Kamogelo\AppData\Local\Microsoft\WindowsApps;C:\Program Files\MongoDB\Server\7.0\bin;C:\Users\Kamogelo\AppData\Local\Programs\Microsoft VS Code\bin;C:\Users\Kamogelo\AppData\Roaming\npm;D:\FlutterSDK\flutter\bin;C:\php\php-8.4.8-Win32-vs17-x64;
USERNAME=Kamogelo
OS=Windows_NT
PROCESSOR_IDENTIFIER=Intel64 Family 6 Model 140 Stepping 2, GenuineIntel
TMP=C:\Users\Kamogelo\AppData\Local\Temp
TEMP=C:\Users\Kamogelo\AppData\Local\Temp




Periodic native trim disabled

JNI global refs:
JNI global refs: 30, weak refs: 19

JNI global refs memory usage: 835, weak refs: 1465

Process memory usage:
Resident Set Size: 556652K (6% of 8166712K total physical memory with 526892K free physical memory)

OOME stack traces (most recent first):
Classloader memory used:
Loader org.gradle.internal.classloader.VisitableURLClassLoader                         : 112M
Loader org.gradle.internal.classloader.VisitableURLClassLoader$InstrumentingVisitableURLClassLoader: 68542K
Loader bootstrap                                                                       : 37336K
Loader org.gradle.initialization.MixInLegacyTypesClassLoader                           : 15373K
Loader jdk.internal.loader.ClassLoaders$AppClassLoader                                 : 9365K
Loader org.gradle.internal.classloader.VisitableURLClassLoader                         : 9031K
Loader jdk.internal.reflect.DelegatingClassLoader                                      : 1130K
Loader jdk.internal.loader.ClassLoaders$PlatformClassLoader                            : 1012K
Loader jdk.internal.jrtfs.JrtFileSystemProvider$JrtFsLoader                            : 643K
Loader org.gradle.groovy.scripts.internal.DefaultScriptCompilationHandler$ScriptClassLoader: 230K
Loader org.codehaus.groovy.runtime.callsite.CallSiteClassLoader                        : 67624B
Loader sun.reflect.misc.MethodUtil                                                     : 2952B

Classes loaded by more than one classloader:
Class Program                                                                         : loaded 12 times (x 68B)
Class Build_gradle$1                                                                  : loaded 8 times (x 70B)
Class Build_gradle                                                                    : loaded 8 times (x 126B)
Class org.gradle.kotlin.dsl.VersionCatalogAccessorsKt                                 : loaded 5 times (x 67B)
Class com.intellij.gradle.toolingExtension.impl.model.sourceSetDependencyModel.GradleSourceSetDependencySerialisationService$SourceSetDependencyModelWriteContext: loaded 4 times (x 68B)
Class com.intellij.gradle.toolingExtension.impl.model.sourceSetDependencyModel.GradleSourceSetDependencySerialisationService$Companion: loaded 4 times (x 67B)
Class org.jetbrains.plugins.gradle.tooling.serialization.RepositoriesModelSerializationService$WriteContext: loaded 4 times (x 68B)
Class org.jetbrains.plugins.gradle.tooling.serialization.internal.IdeaProjectSerializationService$WriteContext$4: loaded 4 times (x 79B)
Class com.amazon.ion.impl._Private_IonBinaryWriterBuilder                             : loaded 4 times (x 111B)
Class com.amazon.ion.BufferConfiguration$DataHandler                                  : loaded 4 times (x 66B)
Class com.amazon.ion.impl._Private_LocalSymbolTable                                   : loaded 4 times (x 66B)
Class com.amazon.ion.ReadOnlyValueException                                           : loaded 4 times (x 80B)
Class org.jetbrains.kotlin.idea.gradleTooling.AndroidAwareGradleModelProvider         : loaded 4 times (x 79B)
Class com.amazon.ion.IonSexp                                                          : loaded 4 times (x 66B)
Class com.amazon.ion.impl.bin.IntList                                                 : loaded 4 times (x 73B)
Class com.amazon.ion.impl.bin.IonManagedBinaryWriter$UserState$2                      : loaded 4 times (x 81B)
Class com.amazon.ion.impl._Private_IonValue                                           : loaded 4 times (x 66B)
Class com.amazon.ion.impl._Private_RecyclingQueue$ElementIterator                     : loaded 4 times (x 78B)
Class com.intellij.gradle.toolingExtension.impl.model.sourceSetModel.GradleSourceSetSerialisationService$Companion: loaded 4 times (x 67B)
Class com.amazon.ion.impl.lite._Private_LiteDomTrampoline                             : loaded 4 times (x 67B)
Class com.amazon.ion.IonType                                                          : loaded 4 times (x 75B)
Class com.amazon.ion.UnexpectedEofException                                           : loaded 4 times (x 80B)
Class org.jetbrains.plugins.gradle.tooling.serialization.internal.IdeaProjectSerializationService$WriteContext$6: loaded 4 times (x 79B)
Class com.android.ide.gradle.model.LegacyAndroidGradlePluginProperties                : loaded 4 times (x 66B)
Class org.jetbrains.plugins.gradle.tooling.serialization.internal.IdeaProjectSerializationService$WriteContext$3: loaded 4 times (x 79B)
Class org.jetbrains.plugins.gradle.tooling.serialization.AnnotationProcessingModelSerializationService$ReadContext: loaded 4 times (x 68B)
Class org.jetbrains.plugins.gradle.tooling.serialization.GradleExtensionsSerializationService$ReadContext: loaded 4 times (x 68B)
Class com.amazon.ion.impl.bin.PooledBlockAllocatorProvider                            : loaded 4 times (x 69B)
Class com.amazon.ion.impl.lite.ContainerlessContext                                   : loaded 4 times (x 76B)
Class com.amazon.ion.impl._Private_RecyclingQueue$Recycler                            : loaded 4 times (x 66B)
Class com.amazon.ion.IonContainer                                                     : loaded 4 times (x 66B)
Class com.amazon.ion.impl.lite.IonValueLite                                           : loaded 4 times (x 143B)
Class com.amazon.ion.impl.bin.IonManagedBinaryWriter$UserState$3                      : loaded 4 times (x 81B)
Class com.amazon.ion.IonException                                                     : loaded 4 times (x 80B)
Class org.jetbrains.plugins.gradle.tooling.util.IntObjectMap$ObjectFactory            : loaded 4 times (x 66B)
Class com.amazon.ion.impl._Private_IonSymbol                                          : loaded 4 times (x 66B)
Class com.amazon.ion.impl.lite.ValueFactoryLite                                       : loaded 4 times (x 214B)
Class com.intellij.gradle.toolingExtension.impl.model.sourceSetModel.GradleSourceSetSerialisationService$SourceSetModelWriteContext: loaded 4 times (x 68B)
Class org.jetbrains.plugins.gradle.tooling.serialization.internal.IdeaProjectSerializationService$WriteContext$2: loaded 4 times (x 79B)
Class com.amazon.ion.impl._Private_SymtabExtendsCache                                 : loaded 4 times (x 68B)
Class com.amazon.ion.impl.bin.utf8.Pool                                               : loaded 4 times (x 70B)
Class com.intellij.gradle.toolingExtension.impl.model.utilTurnOffDefaultTasksModel.TurnOffDefaultTasks: loaded 4 times (x 66B)
Class com.intellij.gradle.toolingExtension.impl.model.sourceSetModel.GradleSourceSetSerialisationService$SourceSetModelReadContext: loaded 4 times (x 68B)
Class com.amazon.ion.IonCatalog                                                       : loaded 4 times (x 66B)
Class org.jetbrains.plugins.gradle.model.UnresolvedExternalDependency                 : loaded 4 times (x 66B)
Class org.jetbrains.plugins.gradle.tooling.serialization.internal.IdeaProjectSerializationService$WriteContext$7: loaded 4 times (x 79B)
Class com.amazon.ion.impl.bin.IonManagedBinaryWriter$UserState$4                      : loaded 4 times (x 81B)
Class org.jetbrains.plugins.gradle.model.RepositoryModels                             : loaded 4 times (x 66B)
Class com.amazon.ion.system.IonBinaryWriterBuilder                                    : loaded 4 times (x 95B)
Class org.jetbrains.plugins.gradle.model.GradleExtensions                             : loaded 4 times (x 66B)
Class org.jetbrains.plugins.gradle.model.AnnotationProcessingModel                    : loaded 4 times (x 66B)
Class com.amazon.ion.impl.bin.WriteBuffer                                             : loaded 4 times (x 74B)
Class org.jetbrains.plugins.gradle.model.ExternalProject                              : loaded 4 times (x 66B)
Class com.amazon.ion.system.IonSystemBuilder                                          : loaded 4 times (x 71B)
Class org.jetbrains.plugins.gradle.tooling.serialization.internal.IdeaProjectSerializationService$WriteContext$1: loaded 4 times (x 79B)
Class com.amazon.ion.impl.bin.IonManagedBinaryWriter$SymbolState$4                    : loaded 4 times (x 76B)
Class com.amazon.ion.impl._Private_IonWriterBase                                      : loaded 4 times (x 158B)
Class com.amazon.ion.impl.bin.IonManagedBinaryWriter                                  : loaded 4 times (x 162B)
Class com.intellij.util.ThrowableConsumer                                             : loaded 4 times (x 66B)
Class org.jetbrains.plugins.gradle.tooling.serialization.internal.IdeaProjectSerializationService$WriteContext$8: loaded 4 times (x 79B)
Class [Lcom.amazon.ion.impl.bin.IonManagedBinaryWriter$SymbolState;                   : loaded 4 times (x 65B)
Class com.intellij.gradle.toolingExtension.impl.model.sourceSetArtifactIndex.GradleSourceSetArtifactBuildRequest: loaded 4 times (x 66B)
Class com.amazon.ion.IonBinaryWriter                                                  : loaded 4 times (x 66B)
Class com.amazon.ion.impl.bin.IonRawBinaryWriter$StreamFlushMode                      : loaded 4 times (x 75B)
Class com.amazon.ion.impl.bin.IonManagedBinaryWriter$SymbolState$3                    : loaded 4 times (x 76B)
Class org.jetbrains.plugins.gradle.javaModel.JavaGradleManifestModel                  : loaded 4 times (x 66B)
Class com.intellij.gradle.toolingExtension.impl.model.taskModel.GradleTaskSerialisationService$Companion: loaded 4 times (x 67B)
Class com.amazon.ion.impl.bin.IonRawBinaryWriter$ContainerInfo                        : loaded 4 times (x 70B)
Class org.jetbrains.plugins.gradle.tooling.serialization.GradleExtensionsSerializationService$WriteContext: loaded 4 times (x 68B)
Class com.amazon.ion.SymbolTable                                                      : loaded 4 times (x 66B)
Class com.amazon.ion.impl.bin.IonManagedBinaryWriter$ImportDescriptor                 : loaded 4 times (x 72B)
Class com.amazon.ion.impl.lite.IonBlobLite                                            : loaded 4 times (x 215B)
Class org.jetbrains.kotlin.idea.gradleTooling.AndroidAwareGradleModelProvider$Companion: loaded 4 times (x 67B)
Class [Lcom.amazon.ion.impl.bin.IonRawBinaryWriter$StreamCloseMode;                   : loaded 4 times (x 65B)
Class com.amazon.ion.impl.lite.IonSymbolLite                                          : loaded 4 times (x 242B)
Class com.amazon.ion.impl.LocalSymbolTable                                            : loaded 4 times (x 117B)
Class com.amazon.ion.impl.bin.IonManagedBinaryWriter$ImportedSymbolResolverMode$1     : loaded 4 times (x 76B)
Class com.intellij.util.containers.IntObjectHashMap$ArrayProducer                     : loaded 4 times (x 66B)
Class org.jetbrains.kotlin.idea.gradleTooling.model.noarg.NoArgModel                  : loaded 4 times (x 66B)
Class org.jetbrains.plugins.gradle.tooling.serialization.SerializationService         : loaded 4 times (x 66B)
Class ijInit1_anefdbne8i7wzui83ss2kmxgy                                               : loaded 4 times (x 175B)
Class com.intellij.gradle.toolingExtension.impl.model.warmUp.GradleTaskWarmUpRequest  : loaded 4 times (x 66B)
Class com.amazon.ion.SubstituteSymbolTableException                                   : loaded 4 times (x 80B)
Class com.amazon.ion.impl.SymbolTokenImpl                                             : loaded 4 times (x 77B)
Class com.amazon.ion.IonText                                                          : loaded 4 times (x 66B)
Class com.amazon.ion.impl.bin.utf8.Pool$Allocator                                     : loaded 4 times (x 66B)
Class com.amazon.ion.impl.bin.utf8.Utf8StringEncoder$Result                           : loaded 4 times (x 70B)
Class com.amazon.ion.impl.bin.IonManagedBinaryWriter$ImportedSymbolResolverMode$2     : loaded 4 times (x 76B)
Class com.amazon.ion.IonNull                                                          : loaded 4 times (x 66B)
Class com.amazon.ion.impl.bin.IonManagedBinaryWriter$SymbolState$2                    : loaded 4 times (x 76B)
Class org.jetbrains.plugins.gradle.model.ExternalSourceSet                            : loaded 4 times (x 66B)
Class [Lcom.amazon.ion.impl.bin.IonRawBinaryWriter$ContainerType;                     : loaded 4 times (x 65B)
Class org.jetbrains.plugins.gradle.model.ProjectImportModelProvider                   : loaded 4 times (x 66B)
Class com.amazon.ion.IonBufferConfiguration$Builder                                   : loaded 4 times (x 74B)
Class org.jetbrains.plugins.gradle.model.GradleExtension                              : loaded 4 times (x 66B)
Class com.amazon.ion.impl.lite.IonDecimalLite                                         : loaded 4 times (x 184B)
Class com.amazon.ion.impl.bin.IonManagedBinaryWriter$UserState$1                      : loaded 4 times (x 81B)
Class com.amazon.ion.IonList                                                          : loaded 4 times (x 66B)
Class org.jetbrains.plugins.gradle.tooling.serialization.internal.adapter.Supplier    : loaded 4 times (x 66B)
Class org.jetbrains.plugins.gradle.model.VersionCatalogsModel                         : loaded 4 times (x 66B)
Class org.jetbrains.plugins.gradle.tooling.serialization.internal.IdeaProjectSerializationService: loaded 4 times (x 73B)
Class com.intellij.gradle.toolingExtension.impl.model.dependencyModel.DependencyReadContext: loaded 4 times (x 68B)
Class com.intellij.gradle.toolingExtension.impl.model.sourceSetDependencyModel.GradleSourceSetDependencySerialisationService$SourceSetDependencyModelReadContext: loaded 4 times (x 68B)
Class com.amazon.ion.impl.bin.IonRawBinaryWriter$PreallocationMode$3                  : loaded 4 times (x 78B)
Class [Lcom.amazon.ion.IonType;                                                       : loaded 4 times (x 65B)
Class com.amazon.ion.impl.LocalSymbolTableAsStruct$Factory                            : loaded 4 times (x 75B)
Class com.amazon.ion.impl.lite.IonSystemLite                                          : loaded 4 times (x 271B)
Class com.amazon.ion.impl.bin.IonRawBinaryWriter$PreallocationMode                    : loaded 4 times (x 78B)
Class com.amazon.ion.impl.bin._Private_IonRawWriter                                   : loaded 4 times (x 66B)
Class com.amazon.ion.IonWriter                                                        : loaded 4 times (x 66B)
Class com.amazon.ion.impl.bin.IonManagedBinaryWriter$SymbolState$1                    : loaded 4 times (x 76B)
Class com.amazon.ion.IonSystem                                                        : loaded 4 times (x 66B)
Class com.amazon.ion.impl.bin.IonManagedBinaryWriter$ImportedSymbolContext            : loaded 4 times (x 68B)
Class com.android.ide.gradle.model.GradlePluginModel                                  : loaded 4 times (x 66B)
Class com.intellij.util.containers.IntObjectHashMap                                   : loaded 4 times (x 68B)
Class org.jetbrains.plugins.gradle.model.ExternalDependency                           : loaded 4 times (x 66B)
Class com.intellij.gradle.toolingExtension.impl.model.sourceSetModel.GradleSourceSetSerialisationService: loaded 4 times (x 73B)
Class org.jetbrains.kotlin.idea.gradleTooling.PrepareKotlinIdeImportTaskModel         : loaded 4 times (x 66B)
Class com.amazon.ion.impl._Private_RecyclingQueue$ElementFactory                      : loaded 4 times (x 66B)
Class com.amazon.ion.impl._Private_IonContainer                                       : loaded 4 times (x 66B)
Class com.amazon.ion.impl.lite.IonIntLite                                             : loaded 4 times (x 185B)
Class com.intellij.gradle.toolingExtension.impl.model.buildScriptClasspathModel.GradleBuildScriptClasspathSerializationService$ReadContext: loaded 4 times (x 68B)
Class org.gradle.internal.impldep.gnu.trove.TObjectIntHashMap                         : loaded 4 times (x 105B)
Class org.jetbrains.kotlin.idea.gradleTooling.model.allopen.AllOpenModel              : loaded 4 times (x 66B)
Class com.amazon.ion.impl.bin.IonRawBinaryWriter$PreallocationMode$2                  : loaded 4 times (x 78B)
Class com.amazon.ion.IonInt                                                           : loaded 4 times (x 66B)
Class org.jetbrains.kotlin.idea.gradleTooling.model.annotation.AnnotationBasedPluginModel: loaded 4 times (x 66B)
Class org.jetbrains.plugins.gradle.model.IntelliJProjectSettings                      : loaded 4 times (x 66B)
Class com.intellij.gradle.toolingExtension.impl.model.dependencyDownloadPolicyModel.GradleDependencyDownloadPolicy: loaded 4 times (x 66B)
Class org.jetbrains.kotlin.idea.gradleTooling.KotlinMPPGradleModel                    : loaded 4 times (x 66B)
Class [Lcom.amazon.ion.impl.bin._Private_IonManagedBinaryWriterBuilder$AllocatorMode; : loaded 4 times (x 65B)
Class com.amazon.ion.impl.bin.IonRawBinaryWriter$PreallocationMode$1                  : loaded 4 times (x 78B)
Class com.amazon.ion.util._Private_FastAppendable                                     : loaded 4 times (x 66B)
Class com.amazon.ion.impl._Private_RecyclingStack$$Iterator                           : loaded 4 times (x 95B)
Class com.amazon.ion.impl.SharedSymbolTable                                           : loaded 4 times (x 89B)
Class com.amazon.ion.impl.bin.IonRawBinaryWriter                                      : loaded 4 times (x 165B)
Class [Lcom.amazon.ion.impl.bin.IonRawBinaryWriter$PreallocationMode;                 : loaded 4 times (x 65B)
Class com.amazon.ion.SymbolToken                                                      : loaded 4 times (x 66B)
Class com.amazon.ion.UnknownSymbolException                                           : loaded 4 times (x 82B)
Class com.android.ide.gradle.model.composites.BuildMap                                : loaded 4 times (x 66B)
Class com.amazon.ion.impl._Private_ValueFactory                                       : loaded 4 times (x 66B)
Class com.amazon.ion.impl.lite.IonClobLite                                            : loaded 4 times (x 216B)
Class com.amazon.ion.impl.lite.IonSexpLite                                            : loaded 4 times (x 486B)
Class com.amazon.ion.impl.lite.IonListLite                                            : loaded 4 times (x 486B)
Class com.amazon.ion.IonFloat                                                         : loaded 4 times (x 66B)
Class org.jetbrains.plugins.gradle.model.DependencyAccessorsModel                     : loaded 4 times (x 66B)
Class org.gradle.internal.impldep.gnu.trove.TObjectHash                               : loaded 4 times (x 90B)
Class [Lcom.intellij.openapi.externalSystem.model.project.dependencies.ResolutionState;: loaded 4 times (x 65B)
Class com.amazon.ion.impl.lite.IonNullLite                                            : loaded 4 times (x 171B)
Class com.amazon.ion.impl.bin.IonRawBinaryWriter$ThrowingRunnable                     : loaded 4 times (x 66B)
Class com.amazon.ion.impl.bin.IonManagedBinaryWriter$LocalSymbolTableView             : loaded 4 times (x 103B)
Class com.amazon.ion.impl._Private_RecyclingStack$Recycler                            : loaded 4 times (x 66B)
Class com.android.ide.gradle.model.ArtifactIdentifier                                 : loaded 4 times (x 66B)
Class com.amazon.ion.impl.LocalSymbolTable$Factory                                    : loaded 4 times (x 73B)
Class com.amazon.ion.impl.lite.IonBoolLite                                            : loaded 4 times (x 174B)
Class org.gradle.internal.impldep.gnu.trove.TObjectHash$NULL                          : loaded 4 times (x 67B)
Class com.amazon.ion.impl.bin.IonManagedBinaryWriter$ImportedSymbolResolverMode       : loaded 4 times (x 76B)
Class com.intellij.gradle.toolingExtension.impl.model.buildScriptClasspathModel.GradleBuildScriptClasspathSerializationService: loaded 4 times (x 73B)
Class org.jetbrains.kotlin.idea.gradleTooling.KotlinGradleModel                       : loaded 4 times (x 66B)
Class org.jetbrains.plugins.gradle.tooling.serialization.ExternalTestsSerializationService$WriteContext: loaded 4 times (x 68B)
Class org.jetbrains.plugins.gradle.tooling.serialization.AnnotationProcessingModelSerializationService: loaded 4 times (x 73B)
Class com.amazon.ion.impl._Private_LocalSymbolTableFactory                            : loaded 4 times (x 66B)
Class com.amazon.ion.impl.bin.IonManagedBinaryWriter$ImportedSymbolResolverMode$1$1$1 : loaded 4 times (x 72B)
Class com.amazon.ion.system.IonTextWriterBuilder                                      : loaded 4 times (x 94B)
Class com.amazon.ion.impl.bin.IonManagedBinaryWriter$SymbolResolverBuilder            : loaded 4 times (x 66B)
Class com.amazon.ion.system.IonSystemBuilder$Mutable                                  : loaded 4 times (x 71B)
Class org.gradle.internal.impldep.gnu.trove.PrimeFinder                               : loaded 4 times (x 67B)
Class org.jetbrains.plugins.gradle.tooling.serialization.internal.IdeaProjectSerializationService$WriteContext$5: loaded 4 times (x 79B)
Class org.jetbrains.kotlin.idea.gradleTooling.model.kapt.KaptGradleModel              : loaded 4 times (x 66B)
Class org.jetbrains.kotlin.idea.gradleTooling.KotlinDslScriptAdditionalTask           : loaded 4 times (x 66B)
Class org.jetbrains.plugins.gradle.model.ClasspathEntryModel                          : loaded 4 times (x 66B)
Class com.amazon.ion.impl.LocalSymbolTableAsStruct                                    : loaded 4 times (x 122B)
Class com.amazon.ion.impl.lite.IonTimestampLite                                       : loaded 4 times (x 188B)
Class org.jetbrains.plugins.gradle.model.FileCollectionDependency                     : loaded 4 times (x 66B)
Class org.gradle.internal.impldep.gnu.trove.TObjectHashingStrategy                    : loaded 4 times (x 66B)
Class org.jetbrains.plugins.gradle.tooling.serialization.KotlinDslScriptsModelSerializationService: loaded 4 times (x 77B)
Class org.jetbrains.plugins.gradle.tooling.serialization.ExternalTestsSerializationService: loaded 4 times (x 73B)
Class org.jetbrains.plugins.gradle.model.ExternalProjectDependency                    : loaded 4 times (x 66B)
Class com.amazon.ion.IonSequence                                                      : loaded 4 times (x 66B)
Class com.amazon.ion.IonLob                                                           : loaded 4 times (x 66B)
Class com.android.ide.gradle.model.AdditionalClassifierArtifactsModelParameter        : loaded 4 times (x 66B)
Class com.intellij.gradle.toolingExtension.impl.model.utilDummyModel.DummyModel       : loaded 4 times (x 66B)
Class com.amazon.ion.IonTimestamp                                                     : loaded 4 times (x 66B)
Class com.amazon.ion.impl.bin.PooledBlockAllocatorProvider$PooledBlockAllocator       : loaded 4 times (x 77B)
Class com.amazon.ion.IonString                                                        : loaded 4 times (x 66B)
Class org.jetbrains.plugins.gradle.tooling.serialization.GradleExtensionsSerializationService: loaded 4 times (x 73B)
Class org.jetbrains.plugins.gradle.model.GradleSourceSetDependencyModel               : loaded 4 times (x 66B)
Class com.amazon.ion.IonBlob                                                          : loaded 4 times (x 66B)
Class com.amazon.ion.impl.bin.IonRawBinaryWriter$PatchPoint                           : loaded 4 times (x 69B)
Class Settings_gradle$1                                                               : loaded 4 times (x 70B)
Class [Lcom.amazon.ion.SymbolToken;                                                   : loaded 4 times (x 65B)
Class org.jetbrains.plugins.gradle.tooling.serialization.internal.IdeaProjectSerializationService$ReadContext: loaded 4 times (x 68B)
Class com.intellij.gradle.toolingExtension.impl.model.projectModel.GradleExternalProjectSerializationService: loaded 4 times (x 73B)
Class com.android.ide.gradle.model.LegacyV1AgpVersionModel                            : loaded 4 times (x 66B)
Class com.amazon.ion.IonDatagram                                                      : loaded 4 times (x 66B)
Class com.amazon.ion.impl._Private_RecyclingStack$ElementFactory                      : loaded 4 times (x 66B)
Class com.amazon.ion.impl.bin.IonManagedBinaryWriter$ImportedSymbolResolverMode$1$1   : loaded 4 times (x 74B)
Class com.amazon.ion.impl._Private_ByteTransferSink                                   : loaded 4 times (x 66B)
Class com.amazon.ion.BufferConfiguration                                              : loaded 4 times (x 69B)
Class com.intellij.openapi.externalSystem.model.project.dependencies.ResolutionState  : loaded 4 times (x 75B)
Class com.amazon.ion.system.SimpleCatalog                                             : loaded 4 times (x 87B)
Class com.amazon.ion.impl._Private_IonBinaryWriterBuilder$Mutable                     : loaded 4 times (x 111B)
Class com.amazon.ion.impl.bin.IonRawBinaryWriter$StreamCloseMode                      : loaded 4 times (x 75B)
Class com.intellij.gradle.toolingExtension.impl.model.taskModel.GradleTaskSerialisationService: loaded 4 times (x 72B)
Class com.intellij.gradle.toolingExtension.impl.model.projectModel.GradleExternalProjectSerializationService$WriteContext: loaded 4 times (x 69B)
Class org.jetbrains.plugins.gradle.model.tests.ExternalTestsModel                     : loaded 4 times (x 66B)
Class com.amazon.ion.impl.bin._Private_IonManagedBinaryWriterBuilder                  : loaded 4 times (x 68B)
Class com.amazon.ion.IonDecimal                                                       : loaded 4 times (x 66B)
Class com.amazon.ion.impl._Private_IonWriter                                          : loaded 4 times (x 66B)
Class org.jetbrains.plugins.gradle.tooling.serialization.internal.adapter.InternalBuildIdentifier: loaded 4 times (x 71B)
Class com.amazon.ion.BufferConfiguration$OversizedValueHandler                        : loaded 4 times (x 66B)
Class com.amazon.ion.impl._Private_IonSystem                                          : loaded 4 times (x 66B)
Class org.jetbrains.plugins.gradle.model.GradleConfiguration                          : loaded 4 times (x 66B)
Class com.amazon.ion.impl.bin.utf8.Utf8StringEncoderPool                              : loaded 4 times (x 70B)
Class com.amazon.ion.impl.bin.IonManagedBinaryWriter$UserState                        : loaded 4 times (x 81B)
Class org.jetbrains.plugins.gradle.tooling.util.IntObjectMap$1                        : loaded 4 times (x 73B)
Class org.jetbrains.plugins.gradle.model.ExternalLibraryDependency                    : loaded 4 times (x 66B)
Class org.gradle.internal.impldep.com.google.common.base.Preconditions                : loaded 4 times (x 67B)
Class [Lcom.amazon.ion.impl.bin.IonRawBinaryWriter$StreamFlushMode;                   : loaded 4 times (x 65B)
Class org.jetbrains.kotlin.idea.gradleTooling.model.parcelize.ParcelizeGradleModel    : loaded 4 times (x 66B)
Class com.intellij.gradle.toolingExtension.impl.model.dependencyModel.DependencyWriteContext: loaded 4 times (x 68B)
Class com.intellij.gradle.toolingExtension.impl.model.projectModel.GradleExternalProjectSerializationService$ReadContext: loaded 4 times (x 69B)
Class org.jetbrains.plugins.gradle.tooling.serialization.RepositoriesModelSerializationService$ReadContext: loaded 4 times (x 68B)
Class [Lcom.amazon.ion.impl.bin.AbstractIonWriter$WriteValueOptimization;             : loaded 4 times (x 65B)
Class com.amazon.ion.UnsupportedIonVersionException                                   : loaded 4 times (x 81B)
Class com.amazon.ion.impl.bin.IonManagedBinaryWriter$SymbolState                      : loaded 4 times (x 76B)
Class com.amazon.ion.IonStruct                                                        : loaded 4 times (x 66B)
Class org.jetbrains.plugins.gradle.tooling.serialization.RepositoriesModelSerializationService: loaded 4 times (x 78B)
Class com.amazon.ion.IonValue                                                         : loaded 4 times (x 66B)
Class com.amazon.ion.impl.bin.Symbols                                                 : loaded 4 times (x 67B)
Class com.amazon.ion.IonBufferConfiguration                                           : loaded 4 times (x 69B)
Class com.android.ide.gradle.model.artifacts.AdditionalClassifierArtifactsModel       : loaded 4 times (x 66B)
Class org.jetbrains.plugins.gradle.model.GradleBuildScriptClasspathModel              : loaded 4 times (x 66B)
Class com.amazon.ion.impl._Private_Utils                                              : loaded 4 times (x 67B)
Class com.intellij.openapi.externalSystem.model.project.dependencies.ProjectDependencies: loaded 4 times (x 66B)
Class org.gradle.internal.impldep.gnu.trove.TObjectIdentityHashingStrategy            : loaded 4 times (x 74B)
Class org.jetbrains.plugins.gradle.tooling.serialization.ProjectDependenciesSerializationService$ReadContext: loaded 4 times (x 68B)
Class com.amazon.ion.impl.IonWriterSystemTextMarkup                                   : loaded 4 times (x 188B)
Class com.intellij.openapi.externalSystem.model.project.IExternalSystemSourceType     : loaded 4 times (x 66B)
Class com.amazon.ion.impl._Private_IonReaderBuilder$Mutable                           : loaded 4 times (x 91B)
Class com.amazon.ion.impl.bin.BlockAllocator                                          : loaded 4 times (x 76B)
Class com.amazon.ion.impl._Private_RecyclingQueue                                     : loaded 4 times (x 76B)
Class com.amazon.ion.impl.bin.IonRawBinaryWriter$ContainerType                        : loaded 4 times (x 75B)
Class com.amazon.ion.system.IonWriterBuilderBase                                      : loaded 4 times (x 79B)
Class com.amazon.ion.impl._Private_IonTextWriterBuilder$Mutable                       : loaded 4 times (x 98B)
Class org.jetbrains.plugins.gradle.model.GradleTaskModel                              : loaded 4 times (x 66B)
Class org.jetbrains.plugins.gradle.tooling.util.ObjectCollector                       : loaded 4 times (x 68B)
Class org.jetbrains.plugins.gradle.model.GradleProperty                               : loaded 4 times (x 66B)
Class com.amazon.ion.IonLoader                                                        : loaded 4 times (x 66B)
Class com.amazon.ion.impl.bin._Private_IonManagedBinaryWriterBuilder$AllocatorMode    : loaded 4 times (x 76B)
Class com.amazon.ion.impl._Private_SymbolToken                                        : loaded 4 times (x 66B)
Class com.amazon.ion.impl.bin.IonManagedBinaryWriter$SymbolResolver                   : loaded 4 times (x 66B)
Class com.amazon.ion.impl._Private_IonReaderBuilder$TwoElementSequenceInputStream     : loaded 4 times (x 88B)
Class Settings_gradle$1$1                                                             : loaded 4 times (x 70B)
Class org.jetbrains.plugins.gradle.model.IntelliJSettings                             : loaded 4 times (x 66B)
Class org.jetbrains.kotlin.idea.gradleTooling.KotlinSourceSetContainer                : loaded 4 times (x 66B)
Class com.amazon.ion.impl.bin.IonRawBinaryWriter$1                                    : loaded 4 times (x 73B)
Class [Lcom.amazon.ion.SymbolTable;                                                   : loaded 4 times (x 65B)
Class com.amazon.ion.ValueFactory                                                     : loaded 4 times (x 66B)
Class org.jetbrains.kotlin.idea.gradleTooling.model.assignment.AssignmentModel        : loaded 4 times (x 66B)
Class [Lcom.amazon.ion.impl.bin.IonManagedBinaryWriter$ImportedSymbolResolverMode;    : loaded 4 times (x 65B)
Class com.amazon.ion.IonBool                                                          : loaded 4 times (x 66B)
Class com.amazon.ion.impl.bin.utf8.Utf8StringEncoder                                  : loaded 4 times (x 76B)
Class com.amazon.ion.impl.IonWriterSystemText                                         : loaded 4 times (x 186B)
Class com.android.ide.gradle.model.GradlePropertiesModel                              : loaded 4 times (x 66B)
Class com.amazon.ion.impl.lite.IonContext                                             : loaded 4 times (x 66B)
Class com.amazon.ion.impl.lite.IonLoaderLite                                          : loaded 4 times (x 78B)
Class com.amazon.ion.impl.IonWriterSystem                                             : loaded 4 times (x 167B)
Class com.amazon.ion.impl.bin.Symbols$2                                               : loaded 4 times (x 103B)
Class com.amazon.ion.impl.bin._Private_IonManagedWriter                               : loaded 4 times (x 66B)
Class org.jetbrains.kotlin.android.synthetic.idea.AndroidExtensionsGradleModel        : loaded 4 times (x 66B)
Class com.intellij.gradle.toolingExtension.util.GradleVersionUtil                     : loaded 4 times (x 67B)
Class com.amazon.ion.impl.bin.utf8.Utf8StringEncoderPool$1                            : loaded 4 times (x 72B)
Class [Lcom.amazon.ion.impl.bin.IonManagedBinaryWriter$UserState;                     : loaded 4 times (x 65B)
Class org.jetbrains.plugins.gradle.model.ExternalTask                                 : loaded 4 times (x 66B)
Class org.gradle.internal.impldep.gnu.trove.TObjectIntProcedure                       : loaded 4 times (x 66B)
Class com.amazon.ion.impl.bin.IonBinaryWriterAdapter$Factory                          : loaded 4 times (x 66B)
Class com.amazon.ion.IonNumber                                                        : loaded 4 times (x 66B)
Class com.amazon.ion.impl.lite.IonTextLite                                            : loaded 4 times (x 177B)
Class com.amazon.ion.impl.BlockedBuffer$BufferedOutputStream                          : loaded 4 times (x 86B)
Class com.amazon.ion.impl.lite.IonLobLite                                             : loaded 4 times (x 180B)
Class org.jetbrains.plugins.gradle.tooling.serialization.ExternalTestsSerializationService$ReadContext: loaded 4 times (x 68B)
Class org.jetbrains.plugins.gradle.tooling.ModelBuilderService$Parameter              : loaded 4 times (x 66B)
Class Settings_gradle                                                                 : loaded 4 times (x 124B)
Class com.amazon.ion.impl.lite.IonContainerLite                                       : loaded 4 times (x 244B)
Class com.amazon.ion.IonBufferConfiguration$OversizedSymbolTableHandler               : loaded 4 times (x 66B)
Class com.amazon.ion.system.IonWriterBuilder                                          : loaded 4 times (x 70B)
Class org.jetbrains.plugins.gradle.tooling.serialization.ToolingStreamApiUtils        : loaded 4 times (x 67B)
Class org.jetbrains.kotlin.idea.gradleTooling.model.lombok.LombokModel                : loaded 4 times (x 66B)
Class com.amazon.ion.facet.Faceted                                                    : loaded 4 times (x 66B)
Class com.amazon.ion.impl.bin.Block                                                   : loaded 4 times (x 75B)
Class com.amazon.ion.IonClob                                                          : loaded 4 times (x 66B)
Class com.amazon.ion.impl.bin.AbstractIonWriter$WriteValueOptimization                : loaded 4 times (x 75B)
Class com.amazon.ion.impl.lite.IonStringLite                                          : loaded 4 times (x 208B)
Class com.amazon.ion.impl.bin.PooledBlockAllocatorProvider$PooledBlockAllocator$1     : loaded 4 times (x 75B)
Class com.amazon.ion.impl.bin.BlockAllocatorProvider                                  : loaded 4 times (x 68B)
Class org.jetbrains.plugins.gradle.tooling.serialization.internal.IdeaProjectSerializationService$WriteContext: loaded 4 times (x 68B)
Class com.amazon.ion.IonReader                                                        : loaded 4 times (x 66B)
Class com.amazon.ion.impl.bin.utf8.Poolable                                           : loaded 4 times (x 75B)
Class com.amazon.ion.IonSymbol                                                        : loaded 4 times (x 66B)
Class com.intellij.gradle.toolingExtension.impl.model.sourceSetDependencyModel.GradleSourceSetDependencySerialisationService: loaded 4 times (x 73B)
Class org.jetbrains.plugins.gradle.tooling.serialization.AnnotationProcessingModelSerializationService$WriteContext: loaded 4 times (x 68B)
Class org.gradle.internal.impldep.gnu.trove.THash                                     : loaded 4 times (x 77B)
Class org.jetbrains.plugins.gradle.model.GradleSourceSetModel                         : loaded 4 times (x 66B)
Class org.jetbrains.plugins.gradle.model.AnnotationProcessingConfig                   : loaded 4 times (x 66B)
Class com.amazon.ion.impl.lite.IonSequenceLite                                        : loaded 4 times (x 428B)
Class com.amazon.ion.impl._Private_Utils$1                                            : loaded 4 times (x 85B)
Class com.amazon.ion.system.IonReaderBuilder                                          : loaded 4 times (x 89B)
Class org.gradle.internal.impldep.gnu.trove.TObjectCanonicalHashingStrategy           : loaded 4 times (x 76B)
Class com.amazon.ion.impl.SymbolTableAsStruct                                         : loaded 4 times (x 66B)
Class com.intellij.gradle.toolingExtension.impl.model.buildScriptClasspathModel.GradleBuildScriptClasspathSerializationService$WriteContext: loaded 4 times (x 68B)
Class com.amazon.ion.impl.lite.IonStructLite                                          : loaded 4 times (x 294B)
Class com.amazon.ion.impl._Private_ReaderWriter                                       : loaded 4 times (x 66B)
Class com.amazon.ion.impl.bin.AbstractSymbolTable                                     : loaded 4 times (x 103B)
Class com.amazon.ion.Decimal                                                          : loaded 4 times (x 129B)
Class com.amazon.ion.impl.bin._Private_IonManagedBinaryWriterBuilder$AllocatorMode$1  : loaded 4 times (x 76B)
Class org.jetbrains.plugins.gradle.tooling.serialization.ProjectDependenciesSerializationService$WriteContext: loaded 4 times (x 68B)
Class org.jetbrains.plugins.gradle.tooling.serialization.ProjectDependenciesSerializationService: loaded 4 times (x 73B)
Class com.amazon.ion.IonMutableCatalog                                                : loaded 4 times (x 66B)
Class com.amazon.ion.impl._Private_IonReaderBuilder                                   : loaded 4 times (x 91B)
Class com.amazon.ion.impl._Private_RecyclingStack                                     : loaded 4 times (x 75B)
Class org.jetbrains.plugins.gradle.ExternalDependencyId                               : loaded 4 times (x 66B)
Class com.amazon.ion.impl.bin.AbstractIonWriter                                       : loaded 4 times (x 157B)
Class org.jetbrains.plugins.gradle.tooling.util.ObjectCollector$Processor             : loaded 4 times (x 66B)
Class org.gradle.internal.impldep.gnu.trove.Equality                                  : loaded 4 times (x 66B)
Class com.amazon.ion.impl.bin._Private_IonManagedBinaryWriterBuilder$AllocatorMode$2  : loaded 4 times (x 76B)
Class org.jetbrains.kotlin.idea.gradleTooling.model.samWithReceiver.SamWithReceiverModel: loaded 4 times (x 66B)
Class com.amazon.ion.impl._Private_IonTextWriterBuilder                               : loaded 4 times (x 98B)
Class com.amazon.ion.BufferConfiguration$Builder                                      : loaded 4 times (x 74B)
Class org.jetbrains.plugins.gradle.tooling.util.IntObjectMap                          : loaded 4 times (x 69B)
Class com.amazon.ion.impl.lite.IonFloatLite                                           : loaded 4 times (x 182B)
Class jdk.internal.jimage.ImageLocation                                               : loaded 3 times (x 86B)
Class jdk.internal.jrtfs.JrtDirectoryStream$1                                         : loaded 3 times (x 79B)
Class [Lcom.google.common.collect.AbstractMapEntry;                                   : loaded 3 times (x 65B)
Class com.google.common.collect.ImmutableEntry                                        : loaded 3 times (x 78B)
Class org.gradle.api.GradleException                                                  : loaded 3 times (x 78B)
Class com.google.common.collect.Iterators                                             : loaded 3 times (x 67B)
Class com.intellij.openapi.externalSystem.model.project.dependencies.ProjectDependenciesImpl: loaded 3 times (x 73B)
Class com.intellij.gradle.toolingExtension.impl.model.buildScriptClasspathModel.GradleBuildScriptClasspathCache: loaded 3 times (x 71B)
Class com.google.common.collect.Lists$StringAsImmutableList                           : loaded 3 times (x 203B)
Class com.google.common.base.CharMatcher$NegatedFastMatcher                           : loaded 3 times (x 109B)
Class jdk.internal.jimage.ImageStrings                                                : loaded 3 times (x 66B)
Class com.google.common.collect.Range                                                 : loaded 3 times (x 83B)
Class org.jetbrains.kotlin.idea.gradleTooling.model.kapt.KaptGradleModelImpl          : loaded 3 times (x 73B)
Class org.jetbrains.plugins.gradle.tooling.builder.ProjectExtensionsDataBuilderImpl   : loaded 3 times (x 74B)
Class com.intellij.gradle.toolingExtension.impl.util.collectionUtil.GradleCollections : loaded 3 times (x 67B)
Class com.google.common.collect.AbstractRangeSet                                      : loaded 3 times (x 110B)
Class org.jetbrains.plugins.gradle.tooling.util.BiFunction                            : loaded 3 times (x 66B)
Class jdk.internal.jimage.ImageBufferCache$1                                          : loaded 3 times (x 79B)
Class com.android.ide.gradle.model.artifacts.impl.AdditionalClassifierArtifactsModelImpl: loaded 3 times (x 72B)
Class org.jetbrains.plugins.gradle.model.DefaultDependencyAccessorsModel              : loaded 3 times (x 72B)
Class org.jetbrains.plugins.gradle.model.AbstractExternalDependency                   : loaded 3 times (x 102B)
Class com.google.common.collect.RegularImmutableAsList                                : loaded 3 times (x 213B)
Class org.jetbrains.kotlin.idea.gradleTooling.PrepareKotlinIdeaImportTaskModelBuilder$Messages: loaded 3 times (x 67B)
Class org.jetbrains.plugins.gradle.tooling.internal.ClasspathEntryModelImpl           : loaded 3 times (x 76B)
Class com.google.common.base.Predicate                                                : loaded 3 times (x 66B)
Class com.google.common.collect.ImmutableMap                                          : loaded 3 times (x 116B)
Class com.google.common.base.CharMatcher$And                                          : loaded 3 times (x 108B)
Class com.google.common.collect.ImmutableRangeSet$1                                   : loaded 3 times (x 206B)
Class org.jetbrains.plugins.gradle.tooling.builder.WarModelBuilderImplKt              : loaded 3 times (x 67B)
Class com.intellij.gradle.toolingExtension.impl.util.javaPluginUtil.JavaPluginAccessor: loaded 3 times (x 66B)
Class com.intellij.gradle.toolingExtension.impl.model.dependencyGraphModel.GradleDependencyReportGenerator: loaded 3 times (x 69B)
Class com.google.common.collect.AbstractMultimap                                      : loaded 3 times (x 119B)
Class jdk.internal.jimage.ImageBufferCache$2                                          : loaded 3 times (x 87B)
Class com.google.common.collect.ImmutableList$Builder                                 : loaded 3 times (x 73B)
Class org.jetbrains.plugins.gradle.model.ModelFactory                                 : loaded 3 times (x 67B)
Class com.intellij.gradle.toolingExtension.impl.model.projectModel.GradleExternalProjectModelBuilder: loaded 3 times (x 82B)
Class org.jetbrains.kotlin.idea.gradleTooling.KotlinMPPGradleModelBuilder$Companion   : loaded 3 times (x 67B)
Class org.jetbrains.plugins.gradle.model.DefaultExternalTask                          : loaded 3 times (x 79B)
Class com.google.common.base.CharMatcher$FastMatcher                                  : loaded 3 times (x 107B)
Class org.gradle.internal.impldep.com.google.common.collect.Lists$StringAsImmutableList: loaded 3 times (x 203B)
Class com.google.common.collect.IndexedImmutableSet                                   : loaded 3 times (x 148B)
Class com.google.common.collect.ImmutableMap$1                                        : loaded 3 times (x 77B)
Class com.google.common.collect.BiMap                                                 : loaded 3 times (x 66B)
Class org.jetbrains.kotlin.idea.gradleTooling.PrepareKotlinIdeaImportTaskModelBuilder : loaded 3 times (x 82B)
Class org.jetbrains.plugins.gradle.tooling.serialization.ToolingStreamApiUtilsKt      : loaded 3 times (x 67B)
Class org.jetbrains.plugins.gradle.tooling.ModelBuilderContext$DataProvider           : loaded 3 times (x 66B)
Class org.jetbrains.plugins.gradle.tooling.internal.DefaultRepositoryModels           : loaded 3 times (x 72B)
Class com.intellij.gradle.toolingExtension.impl.util.javaPluginUtil.JavaPluginUtil    : loaded 3 times (x 67B)
Class org.gradle.internal.impldep.com.google.common.collect.Iterators$ArrayItr        : loaded 3 times (x 93B)
Class com.intellij.gradle.toolingExtension.impl.model.dependencyModel.GradleDependencyResolver$1: loaded 3 times (x 72B)
Class org.gradle.internal.Cast                                                        : loaded 3 times (x 67B)
Class org.gradle.api.Action                                                           : loaded 3 times (x 66B)
Class com.google.common.collect.ImmutableList$SerializedForm                          : loaded 3 times (x 69B)
Class org.gradle.internal.impldep.com.google.common.collect.AbstractIndexedListIterator: loaded 3 times (x 92B)
Class org.jetbrains.kotlin.idea.gradleTooling.model.allopen.AllOpenModelBuilderService: loaded 3 times (x 81B)
Class com.google.common.collect.AbstractIterator                                      : loaded 3 times (x 78B)
Class Build_gradle$1$1                                                                : loaded 3 times (x 74B)
Class com.google.common.collect.AbstractMapEntry                                      : loaded 3 times (x 77B)
Class [Lcom.intellij.openapi.externalSystem.model.project.IExternalSystemSourceType;  : loaded 3 times (x 65B)
Class Build_gradle$1$2                                                                : loaded 3 times (x 75B)
Class org.gradle.internal.impldep.com.google.common.collect.Iterators                 : loaded 3 times (x 67B)
Class org.jetbrains.plugins.gradle.tooling.serialization.ExternalTestsSerializationService$1: loaded 3 times (x 72B)
Class org.jetbrains.kotlin.tooling.core.InternerImpl$Store$Strong                     : loaded 3 times (x 72B)
Class jdk.internal.jrtfs.JrtFileSystemProvider                                        : loaded 3 times (x 97B)
Class com.google.common.collect.UnmodifiableIterator                                  : loaded 3 times (x 76B)
Class com.google.common.collect.Platform                                              : loaded 3 times (x 67B)
Class org.jetbrains.kotlin.idea.gradleTooling.MultiplatformModelImportingChecker      : loaded 3 times (x 66B)
Class com.intellij.openapi.externalSystem.model.project.dependencies.ComponentDependencies: loaded 3 times (x 66B)
Class org.gradle.internal.impldep.com.google.common.collect.AbstractIterator          : loaded 3 times (x 78B)
Class com.intellij.gradle.toolingExtension.impl.modelBuilder.DefaultModelBuilderContext: loaded 3 times (x 73B)
Class com.intellij.gradle.toolingExtension.impl.model.warmUp.GradleTaskWarmUpService  : loaded 3 times (x 82B)
Class com.android.ide.gradle.model.composites.BuildMapModelBuilder                    : loaded 3 times (x 71B)
Class com.google.common.collect.ObjectArrays                                          : loaded 3 times (x 67B)
Class com.google.common.collect.AbstractIndexedListIterator                           : loaded 3 times (x 92B)
Class com.google.common.base.CharMatcher$Or                                           : loaded 3 times (x 108B)
Class org.jetbrains.plugins.gradle.tooling.ModelBuilderService$Ex                     : loaded 3 times (x 66B)
Class org.jetbrains.kotlin.idea.gradleTooling.KotlinGradleModelBuilder                : loaded 3 times (x 82B)
Class org.gradle.internal.IoActions                                                   : loaded 3 times (x 67B)
Class com.intellij.gradle.toolingExtension.impl.model.sourceSetArtifactIndex.GradleSourceSetArtifactModel: loaded 3 times (x 72B)
Class Build_gradle$1$3                                                                : loaded 3 times (x 74B)
Class com.google.common.base.Joiner                                                   : loaded 3 times (x 75B)
Class com.google.common.collect.BaseImmutableMultimap                                 : loaded 3 times (x 119B)
Class org.jetbrains.kotlin.idea.gradleTooling.model.samWithReceiver.SamWithReceiverModelBuilderService: loaded 3 times (x 81B)
Class com.intellij.gradle.toolingExtension.impl.model.sourceSetModel.GradleSourceSetModelBuilder: loaded 3 times (x 82B)
Class com.google.common.collect.ImmutableMapEntrySet                                  : loaded 3 times (x 148B)
Class org.jetbrains.kotlin.idea.gradleTooling.model.noarg.NoArgModelImpl              : loaded 3 times (x 82B)
Class com.intellij.gradle.toolingExtension.impl.model.resourceFilterModel.GradleResourceFilterModelBuilder: loaded 3 times (x 67B)
Class org.jetbrains.kotlin.idea.gradleTooling.ModelBuilderUtilsKt                     : loaded 3 times (x 67B)
Class org.jetbrains.plugins.gradle.tooling.builder.IntelliJProjectSettingsBuilder     : loaded 3 times (x 74B)
Class jdk.internal.jrtfs.SystemImage$2                                                : loaded 3 times (x 72B)
Class org.jetbrains.plugins.gradle.model.web.WebConfiguration                         : loaded 3 times (x 66B)
Class com.google.common.collect.ImmutableRangeSet$ComplementRanges                    : loaded 3 times (x 203B)
Class com.intellij.gradle.toolingExtension.impl.util.GradleObjectUtil                 : loaded 3 times (x 67B)
Class com.intellij.openapi.externalSystem.model.project.dependencies.ArtifactDependencyNodeImpl: loaded 3 times (x 91B)
Class com.google.common.collect.ImmutableSet$RegularSetBuilderImpl                    : loaded 3 times (x 73B)
Class org.jetbrains.kotlin.tooling.core.InternerKt                                    : loaded 3 times (x 67B)
Class org.jetbrains.plugins.gradle.model.DefaultExternalProjectDependency             : loaded 3 times (x 116B)
Class com.google.common.base.CharMatcher$BitSetMatcher                                : loaded 3 times (x 108B)
Class com.google.common.collect.ImmutableSet                                          : loaded 3 times (x 141B)
Class jdk.internal.jimage.ImageHeader                                                 : loaded 3 times (x 67B)
Class org.jetbrains.plugins.gradle.tooling.internal.VersionCatalogsModelImpl          : loaded 3 times (x 72B)
Class com.google.common.collect.ImmutableCollection$Builder                           : loaded 3 times (x 72B)
Class com.google.common.collect.Iterators$ArrayItr                                    : loaded 3 times (x 93B)
Class org.jetbrains.plugins.gradle.tooling.builder.IntelliJSettingsBuilder            : loaded 3 times (x 74B)
Class org.gradle.internal.impldep.com.google.common.collect.PeekingIterator           : loaded 3 times (x 66B)
Class com.google.common.collect.RegularImmutableMap$Values                            : loaded 3 times (x 203B)
Class org.gradle.internal.impldep.com.google.common.collect.Lists                     : loaded 3 times (x 67B)
Class org.jetbrains.kotlin.idea.gradleTooling.KotlinDslScriptTaskModelBuilder         : loaded 3 times (x 82B)
Class org.gradle.internal.impldep.com.google.common.collect.Iterators$MergingIterator : loaded 3 times (x 77B)
Class com.intellij.openapi.externalSystem.model.project.dependencies.ArtifactDependencyNode: loaded 3 times (x 66B)
Class com.intellij.gradle.toolingExtension.impl.model.taskModel.DefaultGradleTaskModel: loaded 3 times (x 71B)
Class com.google.common.collect.ImmutableMap$Builder                                  : loaded 3 times (x 78B)
Class org.jetbrains.kotlin.idea.gradleTooling.KotlinMPPGradleModelBinary              : loaded 3 times (x 66B)
Class com.google.common.collect.ImmutableRangeSet$AsSet                               : loaded 3 times (x 296B)
Class JetGradlePlugin$findJetModelBuilder$0                                           : loaded 3 times (x 142B)
Class org.gradle.internal.impldep.com.google.common.collect.Iterators$9               : loaded 3 times (x 77B)
Class org.jetbrains.plugins.gradle.tooling.serialization.GradleExtensionsSerializationService$3: loaded 3 times (x 72B)
Class com.intellij.gradle.toolingExtension.impl.model.sourceSetArtifactIndex.GradleSourceSetArtifactIndex: loaded 3 times (x 74B)
Class com.android.ide.gradle.model.composites.BuildMapImpl                            : loaded 3 times (x 71B)
Class jdk.internal.jrtfs.SystemImage$1                                                : loaded 3 times (x 74B)
Class org.jetbrains.plugins.gradle.tooling.util.BooleanBiFunction                     : loaded 3 times (x 66B)
Class jdk.internal.jrtfs.JrtFileSystem                                                : loaded 3 times (x 98B)
Class org.gradle.kotlin.dsl.ImplementationConfigurationAccessorsKt                    : loaded 3 times (x 67B)
Class com.intellij.gradle.toolingExtension.impl.model.sourceSetModel.GradleSourceSetModelBuilder$1: loaded 3 times (x 79B)
Class com.intellij.gradle.toolingExtension.impl.model.dependencyDownloadPolicyModel.GradleDependencyDownloadPolicyBuilder: loaded 3 times (x 82B)
Class org.jetbrains.plugins.gradle.tooling.builder.AnnotationProcessingModelBuilder   : loaded 3 times (x 82B)
Class org.gradle.kotlin.dsl.AndroidTestImplementationConfigurationAccessorsKt         : loaded 3 times (x 67B)
Class org.jetbrains.plugins.gradle.tooling.serialization.GradleExtensionsSerializationService$2: loaded 3 times (x 72B)
Class com.android.ide.gradle.model.artifacts.builder.AdditionalClassifierArtifactsModelBuilder: loaded 3 times (x 75B)
Class com.google.common.collect.Multimap                                              : loaded 3 times (x 66B)
Class org.jetbrains.plugins.gradle.model.DefaultUnresolvedExternalDependency          : loaded 3 times (x 107B)
Class com.google.common.collect.Lists$ReverseList$1                                   : loaded 3 times (x 95B)
Class com.google.common.collect.ImmutableRangeSet$Builder                             : loaded 3 times (x 73B)
Class com.intellij.gradle.toolingExtension.impl.model.dependencyModel.auxiliary.AuxiliaryArtifactResolver: loaded 3 times (x 66B)
Class com.google.common.collect.RegularImmutableMap$BucketOverflowException           : loaded 3 times (x 78B)
Class com.intellij.gradle.toolingExtension.impl.model.sourceSetModel.GradleSourceSetModelBuilder$2: loaded 3 times (x 79B)
Class org.jetbrains.plugins.gradle.tooling.MessageReportBuilder                       : loaded 3 times (x 66B)
Class com.intellij.gradle.toolingExtension.impl.model.sourceSetModel.GradleSourceSetModelBuilder$3: loaded 3 times (x 79B)
Class com.google.common.base.CharMatcher$Negated                                      : loaded 3 times (x 109B)
Class org.jetbrains.plugins.gradle.tooling.builder.EarModelBuilderImplKt              : loaded 3 times (x 67B)
Class org.jetbrains.plugins.gradle.tooling.builder.MavenRepositoriesModelBuilder      : loaded 3 times (x 77B)
Class com.google.common.collect.NullnessCasts                                         : loaded 3 times (x 67B)
Class com.google.common.base.CharMatcher$Is                                           : loaded 3 times (x 107B)
Class JetGradlePlugin$getJetModelBuilderOrRegisterIfAbsent                            : loaded 3 times (x 142B)
Class com.intellij.gradle.toolingExtension.impl.util.GradleProjectUtil                : loaded 3 times (x 67B)
Class org.jetbrains.kotlin.idea.gradleTooling.model.samWithReceiver.SamWithReceiverModelImpl: loaded 3 times (x 81B)
Class com.android.ide.gradle.model.builder.GradlePropertiesModelBuilder               : loaded 3 times (x 71B)
Class org.jetbrains.plugins.gradle.tooling.serialization.GradleExtensionsSerializationService$1: loaded 3 times (x 72B)
Class com.google.common.base.Preconditions                                            : loaded 3 times (x 67B)
Class com.android.ide.gradle.model.builder.LegacyAndroidGradlePluginPropertiesModelBuilder$Companion: loaded 3 times (x 67B)
Class org.jetbrains.kotlin.idea.gradleTooling.PrepareKotlinIdeaImportTaskModelBuilder$Companion: loaded 3 times (x 67B)
Class org.jetbrains.plugins.gradle.tooling.ModelBuilderService                        : loaded 3 times (x 66B)
Class com.intellij.gradle.toolingExtension.impl.model.dependencyModel.auxiliary.AuxiliaryConfigurationArtifacts: loaded 3 times (x 70B)
Class org.gradle.internal.impldep.com.google.common.collect.ImmutableCollection       : loaded 3 times (x 121B)
Class org.jetbrains.plugins.gradle.tooling.builder.DependencyAccessorsModelBuilder    : loaded 3 times (x 77B)
Class com.intellij.gradle.toolingExtension.impl.util.GradleIdeaPluginUtil             : loaded 3 times (x 67B)
Class org.jetbrains.plugins.gradle.tooling.serialization.RepositoriesModelSerializationService$1: loaded 3 times (x 72B)
Class Build_gradle$2                                                                  : loaded 3 times (x 75B)
Class com.google.common.collect.SingletonImmutableList                                : loaded 3 times (x 203B)
Class jdk.internal.jimage.ImageReader$Directory                                       : loaded 3 times (x 80B)
Class com.android.ide.gradle.model.impl.GradlePluginModelImpl$Companion               : loaded 3 times (x 67B)
Class org.gradle.api.UncheckedIOException                                             : loaded 3 times (x 78B)
Class com.intellij.gradle.toolingExtension.impl.model.buildScriptClasspathModel.GradleBuildScriptClasspathModelBuilder: loaded 3 times (x 82B)
Class org.jetbrains.plugins.gradle.model.DefaultGradleConfiguration                   : loaded 3 times (x 75B)
Class com.intellij.gradle.toolingExtension.impl.javaModel.manifestModel.DefaultJavaGradleManifestModel: loaded 3 times (x 72B)
Class com.intellij.openapi.externalSystem.model.project.ExternalSystemSourceType      : loaded 3 times (x 81B)
Class com.google.common.collect.ImmutableSetMultimap                                  : loaded 3 times (x 176B)
Class com.intellij.gradle.toolingExtension.impl.model.sourceSetArtifactIndex.GradleSourceSetArtifactIndexBuilder: loaded 3 times (x 82B)
Class org.jetbrains.kotlin.idea.gradleTooling.model.kapt.KaptModelBuilderService      : loaded 3 times (x 82B)
Class com.google.common.base.Joiner$1                                                 : loaded 3 times (x 76B)
Class com.google.common.collect.PeekingIterator                                       : loaded 3 times (x 66B)
Class org.gradle.internal.impldep.com.google.common.collect.Iterators$5               : loaded 3 times (x 78B)
Class com.google.common.collect.ImmutableList$ReverseImmutableList                    : loaded 3 times (x 205B)
Class com.intellij.openapi.externalSystem.model.project.dependencies.UnknownDependencyNode: loaded 3 times (x 83B)
Class com.intellij.gradle.toolingExtension.impl.model.sourceSetModel.GradleSourceSetResolutionContext: loaded 3 times (x 69B)
Class com.intellij.gradle.toolingExtension.impl.modelBuilder.ExtraModelBuilder        : loaded 3 times (x 81B)
Class com.google.common.base.CharMatcher                                              : loaded 3 times (x 107B)
Class org.jetbrains.plugins.gradle.model.tests.DefaultExternalTestsModel              : loaded 3 times (x 73B)
Class org.jetbrains.kotlin.idea.gradleTooling.model.parcelize.ParcelizeModelBuilderService: loaded 3 times (x 77B)
Class JetGradlePlugin                                                                 : loaded 3 times (x 92B)
Class org.jetbrains.plugins.gradle.tooling.builder.WarModelBuilderImpl                : loaded 3 times (x 82B)
Class com.google.common.collect.RangeGwtSerializationDependencies                     : loaded 3 times (x 67B)
Class org.gradle.internal.impldep.com.google.common.collect.Iterators$4               : loaded 3 times (x 78B)
Class com.android.ide.gradle.model.builder.LegacyV1AgpVersionModelBuilder             : loaded 3 times (x 71B)
Class [Lcom.google.common.collect.ImmutableEntry;                                     : loaded 3 times (x 65B)
Class jdk.internal.jimage.ImageStringsReader                                          : loaded 3 times (x 76B)
Class jdk.internal.jrtfs.SystemImage                                                  : loaded 3 times (x 70B)
Class org.jetbrains.plugins.gradle.DefaultExternalDependencyId                        : loaded 3 times (x 76B)
Class com.google.common.base.Joiner$2                                                 : loaded 3 times (x 75B)
Class com.google.common.base.CharMatcher$1                                            : loaded 3 times (x 109B)
Class com.google.common.base.CharMatcher$NamedFastMatcher                             : loaded 3 times (x 108B)
Class org.jetbrains.kotlin.idea.gradleTooling.model.noarg.NoArgModelBuilderService    : loaded 3 times (x 81B)
Class org.gradle.internal.impldep.com.google.common.collect.UnmodifiableListIterator  : loaded 3 times (x 91B)
Class org.jetbrains.kotlin.idea.gradleTooling.OrphanSourceSetImportingChecker         : loaded 3 times (x 70B)
Class com.google.common.collect.RangeSet                                              : loaded 3 times (x 66B)
Class org.gradle.internal.impldep.com.google.common.base.Objects                      : loaded 3 times (x 67B)
Class com.google.common.collect.Iterators$1                                           : loaded 3 times (x 77B)
Class org.jetbrains.kotlin.tooling.core.InternerImpl                                  : loaded 3 times (x 72B)
Class org.jetbrains.kotlin.idea.gradleTooling.KotlinMPPGradleModelBuilder             : loaded 3 times (x 82B)
Class com.intellij.gradle.toolingExtension.impl.model.utilTurnOffDefaultTasksModel.TurnOffDefaultTasksModelBuilder: loaded 3 times (x 82B)
Class jdk.internal.jimage.ImageReader$SharedImageReader$LocationVisitor               : loaded 3 times (x 66B)
Class org.gradle.internal.impldep.com.google.common.collect.ImmutableList             : loaded 3 times (x 202B)
Class com.google.common.collect.SingletonImmutableSet                                 : loaded 3 times (x 142B)
Class com.google.common.collect.ImmutableMap$IteratorBasedImmutableMap                : loaded 3 times (x 122B)
Class org.jetbrains.plugins.gradle.tooling.AbstractModelBuilderService                : loaded 3 times (x 82B)
Class org.jetbrains.plugins.gradle.tooling.serialization.internal.adapter.InternalProjectIdentifier: loaded 3 times (x 72B)
Class com.intellij.gradle.toolingExtension.impl.model.dependencyModel.GradleDependencyTraverser$Itr: loaded 3 times (x 79B)
Class jdk.internal.jimage.ImageReader                                                 : loaded 3 times (x 71B)
Class com.android.ide.gradle.model.impl.GradlePropertiesModelImpl                     : loaded 3 times (x 73B)
Class org.gradle.internal.impldep.com.google.common.collect.Multimap                  : loaded 3 times (x 66B)
Class com.intellij.gradle.toolingExtension.impl.model.dependencyDownloadPolicyModel.GradleDependencyDownloadPolicyCache: loaded 3 times (x 71B)
Class org.jetbrains.plugins.gradle.tooling.MessageReporter                            : loaded 3 times (x 66B)
Class org.jetbrains.kotlin.idea.gradleTooling.model.lombok.LombokModelBuilderService  : loaded 3 times (x 83B)
Class com.google.common.collect.ImmutableMapEntrySet$RegularEntrySet                  : loaded 3 times (x 148B)
Class org.jetbrains.kotlin.idea.gradleTooling.model.assignment.AssignmentModelBuilderService: loaded 3 times (x 81B)
Class org.jetbrains.kotlin.idea.gradleTooling.model.allopen.AllOpenModelImpl          : loaded 3 times (x 81B)
Class com.intellij.gradle.toolingExtension.impl.model.dependencyModel.auxiliary.LegacyAuxiliaryArtifactResolver: loaded 3 times (x 72B)
Class com.intellij.gradle.toolingExtension.impl.model.sourceSetDependencyModel.GradleSourceSetDependencyModelBuilder: loaded 3 times (x 82B)
Class com.google.common.collect.SetMultimap                                           : loaded 3 times (x 66B)
Class org.jetbrains.plugins.gradle.model.DefaultExternalProject                       : loaded 3 times (x 91B)
Class com.intellij.gradle.toolingExtension.impl.model.sourceSetDependencyModel.GradleSourceSetDependencyResolver: loaded 3 times (x 68B)
Class com.intellij.gradle.toolingExtension.impl.model.buildScriptClasspathModel.DefaultGradleBuildScriptClasspathModel: loaded 3 times (x 79B)
Class jdk.internal.jimage.ImageReader$SharedImageReader                               : loaded 3 times (x 91B)
Class com.android.ide.gradle.model.builder.LegacyAndroidGradlePluginPropertiesModelBuilder: loaded 3 times (x 76B)
Class com.google.common.collect.ImmutableSet$Builder                                  : loaded 3 times (x 81B)
Class com.google.common.base.CharMatcher$InRange                                      : loaded 3 times (x 107B)
Class org.jetbrains.plugins.gradle.tooling.builder.VersionCatalogsModelBuilder        : loaded 3 times (x 82B)
Class com.intellij.openapi.externalSystem.model.project.dependencies.AbstractDependencyNode: loaded 3 times (x 83B)
Class com.intellij.gradle.toolingExtension.impl.model.utilDummyModel.DummyModelBuilder: loaded 3 times (x 82B)
Class com.google.common.collect.SortedIterable                                        : loaded 3 times (x 66B)
Class [Lcom.android.ide.gradle.model.builder.LegacyAndroidGradlePluginPropertiesModelBuilder$PluginType;: loaded 3 times (x 65B)
Class com.google.common.collect.ImmutableRangeSet                                     : loaded 3 times (x 111B)
Class org.gradle.internal.impldep.com.google.common.collect.Iterators$1               : loaded 3 times (x 77B)
Class org.jetbrains.kotlin.idea.gradleTooling.AndroidAwareGradleModelProvider$Result  : loaded 3 times (x 68B)
Class com.google.common.collect.Iterators$4                                           : loaded 3 times (x 78B)
Class com.google.common.collect.ImmutableBiMap                                        : loaded 3 times (x 139B)
Class org.gradle.kotlin.dsl.TestImplementationConfigurationAccessorsKt                : loaded 3 times (x 67B)
Class jdk.internal.jrtfs.JrtPath                                                      : loaded 3 times (x 114B)
Class com.intellij.openapi.externalSystem.model.project.dependencies.DependencyNode   : loaded 3 times (x 66B)
Class com.intellij.gradle.toolingExtension.impl.model.dependencyModel.GradleDependencyTraverser: loaded 3 times (x 76B)
Class com.intellij.gradle.toolingExtension.impl.model.sourceSetDependencyModel.DefaultGradleSourceSetDependencyModel: loaded 3 times (x 73B)
Class [Lcom.google.common.collect.ImmutableMapEntry;                                  : loaded 3 times (x 65B)
Class org.jetbrains.kotlin.idea.gradleTooling.AbstractKotlinGradleModelBuilder$Companion: loaded 3 times (x 67B)
Class org.jetbrains.kotlin.tooling.core.Interner                                      : loaded 3 times (x 66B)
Class jdk.internal.jimage.ImageBufferCache                                            : loaded 3 times (x 67B)
Class com.google.common.collect.RegularImmutableList                                  : loaded 3 times (x 209B)
Class org.jetbrains.kotlin.idea.gradleTooling.KotlinDslScriptTaskModelBuilder$Companion: loaded 3 times (x 67B)
Class com.google.common.collect.Iterators$5                                           : loaded 3 times (x 78B)
Class com.intellij.gradle.toolingExtension.impl.javaModel.manifestModel.JavaGradleManifestModelBuilder: loaded 3 times (x 82B)
Class com.intellij.gradle.toolingExtension.impl.model.dependencyModel.DefaultModuleIdentifier: loaded 3 times (x 74B)
Class com.android.ide.gradle.model.builder.GradlePluginModelBuilder                   : loaded 3 times (x 71B)
Class org.gradle.kotlin.dsl.Accessors377twfxlhpj2n65rquy9ybeqsKt                      : loaded 3 times (x 67B)
Class Build_gradle$1$2$1                                                              : loaded 3 times (x 75B)
Class com.android.ide.gradle.model.impl.GradlePluginModelImpl                         : loaded 3 times (x 71B)
Class com.google.common.collect.ImmutableList                                         : loaded 3 times (x 202B)
Class jdk.internal.jrtfs.JrtDirectoryStream                                           : loaded 3 times (x 85B)
Class org.jetbrains.plugins.gradle.tooling.builder.ExternalTestsModelBuilderImpl      : loaded 3 times (x 74B)
Class org.jetbrains.plugins.gradle.tooling.builder.ScalaModelBuilderImpl              : loaded 3 times (x 77B)
Class org.jetbrains.plugins.gradle.tooling.ModelBuilderContext                        : loaded 3 times (x 66B)
Class com.google.common.collect.ImmutableMapEntry$NonTerminalImmutableMapEntry        : loaded 3 times (x 81B)
Class com.google.common.base.Function                                                 : loaded 3 times (x 66B)
Class com.google.common.collect.ImmutableMultimap                                     : loaded 3 times (x 143B)
Class org.jetbrains.plugins.gradle.tooling.ModelBuilderService$ParameterizedModelBuilderService: loaded 3 times (x 66B)
Class org.jetbrains.plugins.gradle.tooling.builder.EarModelBuilderImpl                : loaded 3 times (x 82B)
Class com.google.common.base.CharMatcher$ForPredicate                                 : loaded 3 times (x 108B)
Class org.jetbrains.kotlin.idea.gradleTooling.KotlinMPPGradleModelBinaryBuilder       : loaded 3 times (x 82B)
Class [Lcom.intellij.openapi.externalSystem.model.project.ExternalSystemSourceType;   : loaded 3 times (x 65B)
Class com.google.common.collect.ImmutableSet$SetBuilderImpl                           : loaded 3 times (x 72B)
Class jdk.internal.jimage.ImageReader$Node                                            : loaded 3 times (x 80B)
Class com.google.common.collect.UnmodifiableListIterator                              : loaded 3 times (x 91B)
Class org.jetbrains.plugins.gradle.model.scala.ScalaModel                             : loaded 3 times (x 66B)
Class com.intellij.openapi.externalSystem.model.project.dependencies.ProjectDependencyNodeImpl: loaded 3 times (x 89B)
Class com.google.common.collect.ForwardingObject                                      : loaded 3 times (x 68B)
Class com.google.common.collect.ImmutableList$SubList                                 : loaded 3 times (x 205B)
Class com.google.common.collect.ImmutableMapEntry                                     : loaded 3 times (x 81B)
Class com.google.common.collect.ImmutableCollection                                   : loaded 3 times (x 121B)
Class com.google.common.base.CharMatcher$AnyOf                                        : loaded 3 times (x 108B)
Class org.gradle.internal.impldep.com.google.common.collect.UnmodifiableIterator      : loaded 3 times (x 76B)
Class com.intellij.gradle.toolingExtension.impl.modelBuilder.DefaultMessageReporter   : loaded 3 times (x 71B)
Class org.jetbrains.plugins.gradle.model.ear.EarConfiguration                         : loaded 3 times (x 66B)
Class org.jetbrains.plugins.gradle.model.DefaultGradleExtensions                      : loaded 3 times (x 84B)
Class jdk.internal.jimage.BasicImageReader$1                                          : loaded 3 times (x 73B)
Class org.jetbrains.plugins.gradle.model.DefaultExternalLibraryDependency             : loaded 3 times (x 107B)
Class com.google.common.collect.ImmutableMap$MapViewOfValuesAsSingletonSets           : loaded 3 times (x 122B)
Class org.jetbrains.kotlin.idea.gradleTooling.model.parcelize.ParcelizeGradleModelImpl: loaded 3 times (x 70B)
Class com.google.common.collect.RegularImmutableMap                                   : loaded 3 times (x 117B)
Class com.intellij.gradle.toolingExtension.impl.model.dependencyDownloadPolicyModel.DefaultGradleDependencyDownloadPolicy: loaded 3 times (x 73B)
Class com.intellij.openapi.externalSystem.model.project.dependencies.ProjectDependencyNode: loaded 3 times (x 66B)
Class com.intellij.gradle.toolingExtension.impl.model.buildScriptClasspathModel.GradleBuildScriptClasspathSerializationService$1: loaded 3 times (x 72B)
Class com.google.common.collect.RegularImmutableSortedSet                             : loaded 3 times (x 296B)
Class com.google.common.collect.ImmutableSet$CachingAsList                            : loaded 3 times (x 144B)
Class com.google.common.collect.Lists                                                 : loaded 3 times (x 67B)
Class org.jetbrains.kotlin.android.synthetic.idea.AndroidExtensionsModelBuilderService: loaded 3 times (x 74B)
Class org.jetbrains.kotlin.android.synthetic.idea.AndroidExtensionsGradleModelImpl    : loaded 3 times (x 73B)
Class com.intellij.gradle.toolingExtension.impl.model.dependencyModel.GradleDependencyResolver: loaded 3 times (x 68B)
Class com.android.ide.gradle.model.builder.AndroidStudioToolingPlugin                 : loaded 3 times (x 71B)
Class com.google.common.collect.ImmutableList$1                                       : loaded 3 times (x 93B)
Class org.gradle.internal.impldep.com.google.common.collect.Iterators$10              : loaded 3 times (x 77B)
Class com.intellij.gradle.toolingExtension.impl.model.sourceSetModel.DefaultGradleSourceSetModel: loaded 3 times (x 76B)
Class com.intellij.gradle.toolingExtension.impl.model.taskModel.GradleTaskModelBuilder: loaded 3 times (x 82B)
Class org.jetbrains.kotlin.idea.gradleTooling.model.annotation.AnnotationBasedPluginModelBuilderService: loaded 3 times (x 81B)
Class com.google.common.collect.Iterators$MergingIterator                             : loaded 3 times (x 77B)
Class org.jetbrains.kotlin.tooling.core.InternerImpl$Store                            : loaded 3 times (x 66B)
Class com.google.common.base.CharMatcher$IsNot                                        : loaded 3 times (x 107B)
Class com.google.common.collect.ImmutableMap$SerializedForm                           : loaded 3 times (x 69B)
Class com.google.common.collect.Iterators$9                                           : loaded 3 times (x 77B)
Class com.google.common.collect.ImmutableAsList                                       : loaded 3 times (x 205B)
Class com.android.ide.gradle.model.builder.AndroidStudioToolingPluginKt               : loaded 3 times (x 67B)
Class com.intellij.gradle.toolingExtension.impl.model.utilDummyModel.DefaultDummyModel: loaded 3 times (x 69B)
Class com.google.common.collect.RegularImmutableSet                                   : loaded 3 times (x 145B)
Class org.jetbrains.plugins.gradle.model.DefaultFileCollectionDependency              : loaded 3 times (x 106B)
Class com.intellij.gradle.toolingExtension.impl.util.javaPluginUtil.ExtensionJavaPluginAccessor: loaded 3 times (x 78B)
Class com.google.common.base.CharMatcher$IsEither                                     : loaded 3 times (x 107B)
Class com.google.common.collect.Iterables                                             : loaded 3 times (x 67B)
Class org.jetbrains.plugins.gradle.tooling.util.GradleContainerUtil                   : loaded 3 times (x 67B)
Class com.intellij.gradle.toolingExtension.impl.util.collectionUtil.GradleCollectionVisitor: loaded 3 times (x 66B)
Class com.intellij.gradle.toolingExtension.impl.model.dependencyGraphModel.GradleDependencyGraphModelBuilder: loaded 3 times (x 78B)
Class com.intellij.gradle.toolingExtension.impl.model.utilTurnOffDefaultTasksModel.DefaultTurnOffDefaultTasks: loaded 3 times (x 67B)
Class jdk.internal.jimage.BasicImageReader                                            : loaded 3 times (x 91B)
Class com.android.ide.gradle.model.builder.LegacyAndroidGradlePluginPropertiesModelBuilder$PluginType: loaded 3 times (x 75B)
Class jdk.internal.jimage.decompressor.Decompressor                                   : loaded 3 times (x 68B)
Class jdk.internal.jimage.ImageReader$Resource                                        : loaded 3 times (x 80B)
Class org.jetbrains.plugins.gradle.model.DefaultGradleExtension                       : loaded 3 times (x 76B)
Class org.jetbrains.plugins.gradle.model.DefaultGradleProperty                        : loaded 3 times (x 74B)
Class com.google.common.collect.RegularImmutableMap$KeySet                            : loaded 3 times (x 148B)
Class org.jetbrains.kotlin.idea.gradleTooling.AbstractKotlinGradleModelBuilder        : loaded 3 times (x 77B)
Class com.google.common.collect.Lists$ReverseList                                     : loaded 3 times (x 196B)
Class com.google.common.collect.ImmutableSortedSet                                    : loaded 3 times (x 296B)
Class org.jetbrains.plugins.gradle.tooling.builder.ProjectExtensionsDataBuilderImpl$Companion: loaded 3 times (x 67B)
Class com.google.common.collect.Lists$RandomAccessReverseList                         : loaded 3 times (x 196B)
Class com.intellij.gradle.toolingExtension.impl.model.dependencyModel.DefaultModuleComponentIdentifier: loaded 3 times (x 82B)
Class org.jetbrains.kotlin.idea.gradleTooling.model.assignment.AssignmentModelImpl    : loaded 3 times (x 81B)
Class org.gradle.internal.impldep.com.google.common.base.ExtraObjectsMethodsForWeb    : loaded 3 times (x 67B)
Class jdk.internal.jrtfs.JrtFileAttributes                                            : loaded 3 times (x 79B)
Class org.gradle.internal.time.MonotonicClock                                         : loaded 2 times (x 73B)
Class org.gradle.internal.service.ServiceLookupException                              : loaded 2 times (x 78B)
Class kotlin.jvm.internal.markers.KMutableList                                        : loaded 2 times (x 66B)
Class kotlin.text.MatchNamedGroupCollection                                           : loaded 2 times (x 66B)
Class com.google.common.collect.UsingToStringOrdering                                 : loaded 2 times (x 110B)
Class kotlin.io.FilesKt__FileReadWriteKt                                              : loaded 2 times (x 67B)
Class kotlin.text.StringsKt__StringNumberConversionsKt                                : loaded 2 times (x 67B)
Class [Lkotlin.Pair;                                                                  : loaded 2 times (x 65B)
Class com.google.common.base.CharMatcher$JavaLetter                                   : loaded 2 times (x 107B)
Class com.google.common.collect.Maps$EntryTransformer                                 : loaded 2 times (x 66B)
Class com.google.common.reflect.TypeResolver$TypeTable$1                              : loaded 2 times (x 69B)
Class [Lcom.google.common.cache.LocalCache$EntryFactory;                              : loaded 2 times (x 65B)
Class [Lkotlin.sequences.Sequence;                                                    : loaded 2 times (x 65B)
Class kotlin.sequences.SequencesKt___SequencesKt$sortedWith$1                         : loaded 2 times (x 71B)
Class org.gradle.internal.classloader.ClassLoaderFactory                              : loaded 2 times (x 66B)
Class kotlin.coroutines.jvm.internal.RestrictedContinuationImpl                       : loaded 2 times (x 83B)
Class org.gradle.util.internal.DefaultGradleVersion$Stage                             : loaded 2 times (x 71B)
Class com.google.common.cache.CacheLoader$SupplierToCacheLoader                       : loaded 2 times (x 71B)
Class org.objectweb.asm.RecordComponentVisitor                                        : loaded 2 times (x 73B)
Class com.google.common.collect.ImmutableMultiset                                     : loaded 2 times (x 159B)
Class com.google.common.reflect.TypeResolver$TypeTable                                : loaded 2 times (x 69B)
Class kotlin.text.StringsKt                                                           : loaded 2 times (x 67B)
Class com.google.common.base.FunctionalEquivalence                                    : loaded 2 times (x 79B)
Class com.android.builder.model.v2.ide.LibraryInfo                                    : loaded 2 times (x 66B)
Class com.google.common.cache.LocalCache$LocalManualCache                             : loaded 2 times (x 95B)
Class com.google.common.util.concurrent.AbstractFuture                                : loaded 2 times (x 102B)
Class com.google.common.base.CommonPattern                                            : loaded 2 times (x 70B)
Class org.gradle.internal.service.CachingServiceLocator                               : loaded 2 times (x 78B)
Class com.google.common.collect.AbstractMapBasedMultimap                              : loaded 2 times (x 135B)
Class [Lcom.android.builder.model.v2.ide.CodeShrinker;                                : loaded 2 times (x 65B)
Class jdk.internal.jimage.BasicImageReader$2                                          : loaded 2 times (x 73B)
Class kotlin.sequences.SequencesKt                                                    : loaded 2 times (x 67B)
Class kotlin.collections.CollectionsKt__IteratorsKt                                   : loaded 2 times (x 67B)
Class com.google.common.base.Converter                                                : loaded 2 times (x 86B)
Class com.google.common.collect.Streams                                               : loaded 2 times (x 67B)
Class com.google.common.collect.AbstractMapBasedMultimap$KeySet                       : loaded 2 times (x 133B)
Class com.google.common.math.IntMath                                                  : loaded 2 times (x 67B)
Class kotlin.collections.AbstractList$SubList                                         : loaded 2 times (x 194B)
Class kotlin.jvm.internal.CallableReference                                           : loaded 2 times (x 102B)
Class com.google.common.cache.ReferenceEntry                                          : loaded 2 times (x 66B)
Class com.google.common.util.concurrent.ListenableFuture                              : loaded 2 times (x 66B)
Class org.gradle.api.internal.classpath.DefaultModuleRegistry                         : loaded 2 times (x 82B)
Class kotlin.collections.CollectionsKt__CollectionsJVMKt                              : loaded 2 times (x 67B)
Class com.google.common.collect.Lists$TransformingRandomAccessList                    : loaded 2 times (x 195B)
Class kotlin.io.FilesKt__UtilsKt                                                      : loaded 2 times (x 67B)
Class com.google.common.reflect.Types$TypeVariableInvocationHandler                   : loaded 2 times (x 71B)
Class com.google.common.collect.MapMakerInternalMap$InternalEntry                     : loaded 2 times (x 66B)
Class [Lcom.google.common.collect.HashBiMap$BiEntry;                                  : loaded 2 times (x 65B)
Class com.android.builder.model.v2.models.ModelBuilderParameter                       : loaded 2 times (x 66B)
Class kotlin.ranges.IntRange                                                          : loaded 2 times (x 89B)
Class [Lorg.gradle.api.JavaVersion;                                                   : loaded 2 times (x 65B)
Class org.gradle.tooling.model.idea.IdeaDependencyScope                               : loaded 2 times (x 66B)
Class org.gradle.internal.time.TimeSource                                             : loaded 2 times (x 66B)
Class org.gradle.tooling.model.kotlin.dsl.KotlinDslScriptsModel                       : loaded 2 times (x 66B)
Class kotlin.coroutines.intrinsics.IntrinsicsKt__IntrinsicsKt                         : loaded 2 times (x 67B)
Class kotlin.text.RegexKt                                                             : loaded 2 times (x 67B)
Class com.google.common.collect.ImmutableSortedAsList                                 : loaded 2 times (x 217B)
Class com.google.common.cache.LocalCache$LocalManualCache$1                           : loaded 2 times (x 71B)
Class com.google.common.util.concurrent.AbstractFuture$UnsafeAtomicHelper             : loaded 2 times (x 74B)
Class com.google.common.collect.HashBiMap$Inverse                                     : loaded 2 times (x 138B)
Class com.android.builder.model.v2.ide.TestInfo                                       : loaded 2 times (x 66B)
Class com.google.common.base.Equivalence                                              : loaded 2 times (x 78B)
Class com.android.builder.model.v2.ide.Installation                                   : loaded 2 times (x 66B)
Class com.google.common.collect.ImmutableMultimap$Values                              : loaded 2 times (x 122B)
Class org.gradle.tooling.internal.gradle.GradleBuildIdentity                          : loaded 2 times (x 66B)
Class kotlin.enums.EnumEntries                                                        : loaded 2 times (x 66B)
Class org.gradle.tooling.internal.adapter.ObjectGraphAdapter                          : loaded 2 times (x 66B)
Class jdk.internal.jimage.decompressor.ResourceDecompressorFactory                    : loaded 2 times (x 70B)
Class com.google.common.base.Splitter$SplittingIterator                               : loaded 2 times (x 80B)
Class com.google.common.collect.ImmutableSet$JdkBackedSetBuilderImpl                  : loaded 2 times (x 72B)
Class com.google.common.util.concurrent.internal.InternalFutureFailureAccess          : loaded 2 times (x 68B)
Class com.android.builder.model.v2.ide.JavaCompileOptions                             : loaded 2 times (x 66B)
Class com.google.common.collect.IndexedImmutableSet$1                                 : loaded 2 times (x 209B)
Class com.google.common.cache.CacheBuilder$OneWeigher                                 : loaded 2 times (x 78B)
Class com.android.ide.common.repository.AgpVersion$PreviewKind$Companion              : loaded 2 times (x 67B)
Class org.gradle.tooling.internal.adapter.ProtocolToModelAdapter$MixInMappingAction   : loaded 2 times (x 76B)
Class org.gradle.internal.exceptions.ResolutionProvider                               : loaded 2 times (x 66B)
Class com.android.builder.model.v2.ide.PrivacySandboxSdkInfo                          : loaded 2 times (x 66B)
Class org.gradle.api.internal.classpath.ModuleRegistry                                : loaded 2 times (x 66B)
Class org.gradle.internal.installation.GradleInstallation$1                           : loaded 2 times (x 71B)
Class com.google.common.cache.CacheLoader                                             : loaded 2 times (x 70B)
Class [Lorg.objectweb.asm.SymbolTable$Entry;                                          : loaded 2 times (x 65B)
Class com.google.common.collect.AbstractListMultimap                                  : loaded 2 times (x 168B)
Class com.google.common.reflect.Types$ClassOwnership$1LocalClass                      : loaded 2 times (x 67B)
Class kotlin.text.MatchResult$DefaultImpls                                            : loaded 2 times (x 67B)
Class org.gradle.tooling.model.idea.IdeaCompilerOutput                                : loaded 2 times (x 66B)
Class org.gradle.tooling.model.ProjectIdentifier                                      : loaded 2 times (x 66B)
Class org.gradle.internal.classloader.ClasspathUtil                                   : loaded 2 times (x 67B)
Class com.android.builder.model.v2.models.ndk.NativeModule                            : loaded 2 times (x 66B)
Class org.gradle.tooling.internal.adapter.ProtocolToModelAdapter$MethodInvocationCache: loaded 2 times (x 69B)
Class kotlin.sequences.SequencesKt___SequencesKt$filterNotNull$1                      : loaded 2 times (x 74B)
Class com.google.common.cache.LocalCache$Segment                                      : loaded 2 times (x 150B)
Class com.android.builder.model.v2.models.Versions                                    : loaded 2 times (x 66B)
Class com.android.builder.model.v2.ide.ArtifactDependenciesAdjacencyList              : loaded 2 times (x 66B)
Class sync_studio_tooling6_4xvv7oj194xpcndel5jtnjy9x                                  : loaded 2 times (x 175B)
Class com.android.builder.model.v2.ide.ComponentInfo                                  : loaded 2 times (x 66B)
Class com.google.common.base.Charsets                                                 : loaded 2 times (x 67B)
Class com.google.common.util.concurrent.Uninterruptibles                              : loaded 2 times (x 67B)
Class com.android.builder.model.v2.ide.ProjectType                                    : loaded 2 times (x 75B)
Class kotlin.io.FileSystemException                                                   : loaded 2 times (x 78B)
Class com.google.common.collect.ComparisonChain                                       : loaded 2 times (x 76B)
Class com.android.builder.model.v2.ide.Library                                        : loaded 2 times (x 66B)
Class com.google.common.reflect.TypeToken$2                                           : loaded 2 times (x 106B)
Class kotlin.UninitializedPropertyAccessException                                     : loaded 2 times (x 78B)
Class kotlin.Metadata                                                                 : loaded 2 times (x 66B)
Class kotlin.text.MatchResult$Destructured                                            : loaded 2 times (x 68B)
Class com.google.common.cache.LocalCache$ComputingValueReference                      : loaded 2 times (x 92B)
Class com.android.builder.model.v2.dsl.BaseConfig                                     : loaded 2 times (x 66B)
Class com.google.common.collect.Maps                                                  : loaded 2 times (x 67B)
Class kotlin.sequences.DistinctSequence                                               : loaded 2 times (x 71B)
Class org.gradle.internal.time.TimeSource$1                                           : loaded 2 times (x 73B)
Class kotlin.jvm.internal.DefaultConstructorMarker                                    : loaded 2 times (x 67B)
Class org.gradle.api.specs.Spec                                                       : loaded 2 times (x 66B)
Class com.google.common.reflect.TypeToken$1                                           : loaded 2 times (x 106B)
Class org.gradle.tooling.model.Model                                                  : loaded 2 times (x 66B)
Class com.google.common.base.Suppliers$SupplierOfInstance                             : loaded 2 times (x 75B)
Class org.objectweb.asm.Edge                                                          : loaded 2 times (x 68B)
Class com.android.builder.model.v2.ide.Variant                                        : loaded 2 times (x 66B)
Class com.google.common.reflect.Types$JavaVersion                                     : loaded 2 times (x 79B)
Class com.google.common.collect.MapMaker                                              : loaded 2 times (x 68B)
Class kotlin.collections.MapsKt__MapsKt                                               : loaded 2 times (x 67B)
Class kotlin.jvm.internal.Lambda                                                      : loaded 2 times (x 71B)
Class com.google.common.util.concurrent.AbstractFuture$AtomicHelper                   : loaded 2 times (x 74B)
Class org.objectweb.asm.SymbolTable$Entry                                             : loaded 2 times (x 70B)
Class com.android.builder.model.v2.ide.UnresolvedDependency                           : loaded 2 times (x 66B)
Class kotlin.collections.ArrayDeque                                                   : loaded 2 times (x 203B)
Class com.google.common.cache.LocalCache$LoadingValueReference                        : loaded 2 times (x 92B)
Class kotlin.jvm.internal.ArrayIterator                                               : loaded 2 times (x 75B)
Class kotlin.reflect.KFunction                                                        : loaded 2 times (x 66B)
Class com.google.common.base.JdkPattern                                               : loaded 2 times (x 71B)
Class com.google.common.io.Files$FileByteSource                                       : loaded 2 times (x 81B)
Class com.google.common.collect.Interners$InternerBuilder                             : loaded 2 times (x 72B)
Class [Lcom.google.common.reflect.Types$JavaVersion;                                  : loaded 2 times (x 65B)
Class org.gradle.internal.classpath.ClassPath                                         : loaded 2 times (x 66B)
Class kotlin.collections.SetsKt                                                       : loaded 2 times (x 67B)
Class com.google.common.reflect.Invokable$MethodInvokable                             : loaded 2 times (x 103B)
Class com.google.common.collect.MapMakerInternalMap$StrongKeyDummyValueEntry          : loaded 2 times (x 78B)
Class com.google.common.base.Platform                                                 : loaded 2 times (x 67B)
Class jdk.internal.jimage.decompressor.ResourceDecompressorRepository                 : loaded 2 times (x 67B)
Class kotlin.collections.EmptyIterator                                                : loaded 2 times (x 85B)
Class kotlin.text.StringsKt__RegexExtensionsKt                                        : loaded 2 times (x 67B)
Class org.gradle.internal.time.Clock                                                  : loaded 2 times (x 66B)
Class kotlin.text.StringsKt__IndentKt                                                 : loaded 2 times (x 67B)
Class com.google.common.cache.CacheBuilder                                            : loaded 2 times (x 68B)
Class com.android.builder.model.v2.AndroidModel                                       : loaded 2 times (x 66B)
Class com.android.builder.model.v2.models.AndroidProject                              : loaded 2 times (x 66B)
Class com.android.builder.model.v2.dsl.SigningConfig                                  : loaded 2 times (x 66B)
Class com.google.common.io.ByteSink                                                   : loaded 2 times (x 72B)
Class com.google.common.collect.AbstractMapBasedMultimap$WrappedList                  : loaded 2 times (x 201B)
Class com.android.builder.model.v2.dsl.ProductFlavor                                  : loaded 2 times (x 66B)
Class [Lcom.android.builder.model.v2.ide.TestInfo$Execution;                          : loaded 2 times (x 65B)
Class [Lorg.objectweb.asm.AnnotationWriter;                                           : loaded 2 times (x 65B)
Class com.google.common.collect.Maps$8                                                : loaded 2 times (x 78B)
Class kotlin.io.FilePathComponents                                                    : loaded 2 times (x 68B)
Class com.google.common.collect.CompoundOrdering                                      : loaded 2 times (x 111B)
Class kotlin.sequences.SequencesKt__SequencesJVMKt                                    : loaded 2 times (x 67B)
Class kotlin.coroutines.jvm.internal.RestrictedSuspendLambda                          : loaded 2 times (x 87B)
Class org.gradle.tooling.internal.adapter.TypeInspector                               : loaded 2 times (x 69B)
Class org.gradle.tooling.internal.adapter.ProtocolToModelAdapter$NoOpDecoration       : loaded 2 times (x 75B)
Class org.gradle.tooling.model.Element                                                : loaded 2 times (x 66B)
Class kotlin.collections.AbstractList                                                 : loaded 2 times (x 193B)
Class kotlin.collections.AbstractCollection                                           : loaded 2 times (x 113B)
Class kotlin.collections.IntIterator                                                  : loaded 2 times (x 78B)
Class kotlin.text.StringsKt__StringsJVMKt                                             : loaded 2 times (x 67B)
Class jdk.internal.jimage.decompressor.ResourceDecompressor                           : loaded 2 times (x 66B)
Class com.google.common.base.ExtraObjectsMethodsForWeb                                : loaded 2 times (x 67B)
Class com.google.common.collect.MapMakerInternalMap$Segment                           : loaded 2 times (x 138B)
Class com.google.common.reflect.TypeToken                                             : loaded 2 times (x 69B)
Class [Lcom.google.common.collect.Iterators$EmptyModifiableIterator;                  : loaded 2 times (x 65B)
Class org.gradle.internal.classpath.DefaultClassPath$ImmutableUniqueList              : loaded 2 times (x 195B)
Class org.gradle.api.internal.ClassPathRegistry                                       : loaded 2 times (x 66B)
Class com.google.common.collect.Sets$SetView                                          : loaded 2 times (x 134B)
Class com.google.common.cache.LocalCache$StrongValueReference                         : loaded 2 times (x 86B)
Class com.google.common.util.concurrent.AbstractFuture$SynchronizedHelper             : loaded 2 times (x 74B)
Class kotlin.text.StringsKt__StringBuilderJVMKt                                       : loaded 2 times (x 67B)
Class kotlin.text.Regex                                                               : loaded 2 times (x 68B)
Class kotlin.sequences.SequencesKt__SequenceBuilderKt$sequence$$inlined$Sequence$1    : loaded 2 times (x 71B)
Class kotlin.ranges.ClosedRange                                                       : loaded 2 times (x 66B)
Class com.google.common.primitives.IntsMethodsForWeb                                  : loaded 2 times (x 67B)
Class com.android.builder.model.v2.ide.JavaArtifact                                   : loaded 2 times (x 66B)
Class com.google.common.graph.SuccessorsFunction                                      : loaded 2 times (x 66B)
Class org.objectweb.asm.Type                                                          : loaded 2 times (x 68B)
Class org.gradle.tooling.model.internal.ImmutableDomainObjectSet                      : loaded 2 times (x 151B)
Class org.gradle.internal.classloader.VisitableURLClassLoader$InstrumentingVisitableURLClassLoader: loaded 2 times (x 119B)
Class com.google.common.collect.ImmutableMultimap$Keys                                : loaded 2 times (x 162B)
Class com.google.common.reflect.Invokable$ConstructorInvokable                        : loaded 2 times (x 103B)
Class org.gradle.api.internal.DefaultClassPathRegistry                                : loaded 2 times (x 72B)
Class com.google.common.collect.MapMakerInternalMap$StrongKeyDummyValueEntry$Helper   : loaded 2 times (x 75B)
Class com.google.common.io.Files$FileByteSink                                         : loaded 2 times (x 73B)
Class com.android.builder.model.v2.ide.AndroidGradlePluginProjectFlags                : loaded 2 times (x 66B)
Class [Lcom.android.builder.model.v2.ide.AndroidGradlePluginProjectFlags$BooleanFlag; : loaded 2 times (x 65B)
Class com.android.builder.model.v2.ide.BasicVariant                                   : loaded 2 times (x 66B)
Class org.objectweb.asm.ByteVector                                                    : loaded 2 times (x 75B)
Class [Lcom.google.common.cache.CacheBuilder$NullListener;                            : loaded 2 times (x 65B)
Class com.google.common.math.IntMath$1                                                : loaded 2 times (x 67B)
Class kotlin.comparisons.ComparisonsKt__ComparisonsKt                                 : loaded 2 times (x 67B)
Class kotlin.ranges.RangesKt__RangesKt                                                : loaded 2 times (x 67B)
Class kotlin.collections.SetsKt___SetsKt                                              : loaded 2 times (x 67B)
Class kotlin.sequences.SequencesKt__SequencesKt                                       : loaded 2 times (x 67B)
Class kotlin.coroutines.Continuation                                                  : loaded 2 times (x 66B)
Class org.gradle.internal.classloader.VisitableURLClassLoader$Spec                    : loaded 2 times (x 70B)
Class org.gradle.internal.classpath.DefaultClassPath                                  : loaded 2 times (x 86B)
Class org.gradle.tooling.internal.gradle.GradleProjectIdentity                        : loaded 2 times (x 66B)
Class com.google.common.cache.RemovalListener                                         : loaded 2 times (x 66B)
Class com.google.common.collect.AbstractMapBasedMultimap$WrappedCollection$WrappedIterator: loaded 2 times (x 80B)
Class com.google.common.base.Present                                                  : loaded 2 times (x 77B)
Class com.google.common.base.NullnessCasts                                            : loaded 2 times (x 67B)
Class com.google.common.util.concurrent.AbstractFuture$Cancellation                   : loaded 2 times (x 68B)
Class com.google.common.io.Files$2                                                    : loaded 2 times (x 72B)
Class kotlin.sequences.DistinctIterator                                               : loaded 2 times (x 79B)
Class com.google.common.reflect.Types$ClassOwnership                                  : loaded 2 times (x 76B)
Class com.android.builder.model.v2.ide.BundleInfo                                     : loaded 2 times (x 66B)
Class com.android.builder.model.v2.ide.SourceProvider                                 : loaded 2 times (x 66B)
Class org.objectweb.asm.Symbol                                                        : loaded 2 times (x 69B)
Class com.google.common.base.AbstractIterator                                         : loaded 2 times (x 76B)
Class jdk.internal.jimage.decompressor.ZipDecompressorFactory                         : loaded 2 times (x 70B)
Class kotlin.text.CharsKt__CharJVMKt                                                  : loaded 2 times (x 67B)
Class kotlin.sequences.FilteringSequence                                              : loaded 2 times (x 71B)
Class kotlin.comparisons.ComparisonsKt                                                : loaded 2 times (x 67B)
Class kotlin.comparisons.ComparisonsKt___ComparisonsKt                                : loaded 2 times (x 67B)
Class kotlin.coroutines.jvm.internal.BaseContinuationImpl                             : loaded 2 times (x 83B)
Class kotlin.Result$Companion                                                         : loaded 2 times (x 67B)
Class org.gradle.util.internal.DefaultGradleVersion                                   : loaded 2 times (x 80B)
Class com.google.common.cache.Cache                                                   : loaded 2 times (x 66B)
Class com.google.common.cache.LocalCache$Strength                                     : loaded 2 times (x 77B)
Class com.google.common.io.Closer                                                     : loaded 2 times (x 74B)
Class com.google.common.base.CharMatcher$Ascii                                        : loaded 2 times (x 108B)
Class com.google.common.base.Stopwatch                                                : loaded 2 times (x 68B)
Class org.gradle.api.internal.classpath.UnknownModuleException                        : loaded 2 times (x 78B)
Class kotlin.internal.ProgressionUtilKt                                               : loaded 2 times (x 67B)
Class org.gradle.internal.classloader.ClassLoaderSpec                                 : loaded 2 times (x 67B)
Class kotlin.io.FileAlreadyExistsException                                            : loaded 2 times (x 78B)
Class com.google.common.cache.Weigher                                                 : loaded 2 times (x 66B)
Class sync_studio_tooling773_e1xocfrvjgcswoc2s9afc3u5d                                : loaded 2 times (x 175B)
Class org.gradle.api.internal.classpath.Module                                        : loaded 2 times (x 66B)
Class kotlin.Function                                                                 : loaded 2 times (x 66B)
Class org.objectweb.asm.AnnotationWriter                                              : loaded 2 times (x 75B)
Class com.google.common.cache.CacheStats                                              : loaded 2 times (x 67B)
Class kotlin.jvm.internal.FunctionReferenceImpl                                       : loaded 2 times (x 118B)
Class kotlin.collections.CollectionsKt___CollectionsJvmKt                             : loaded 2 times (x 67B)
Class org.gradle.tooling.internal.gradle.DefaultBuildIdentifier                       : loaded 2 times (x 75B)
Class org.gradle.tooling.internal.adapter.ProtocolToModelAdapter$AdaptingMethodInvoker: loaded 2 times (x 72B)
Class kotlin.collections.SetsKt__SetsJVMKt                                            : loaded 2 times (x 67B)
Class org.gradle.internal.time.DefaultCountdownTimer                                  : loaded 2 times (x 84B)
Class kotlin.Result$Failure                                                           : loaded 2 times (x 68B)
Class com.google.common.collect.Interners                                             : loaded 2 times (x 67B)
Class com.google.common.io.Closer$Suppressor                                          : loaded 2 times (x 66B)
Class com.google.common.io.LineProcessor                                              : loaded 2 times (x 66B)
Class com.google.common.collect.ImmutableMultisetGwtSerializationDependencies         : loaded 2 times (x 121B)
Class org.objectweb.asm.RecordComponentWriter                                         : loaded 2 times (x 74B)
Class [Lcom.android.builder.model.v2.ide.ProjectType;                                 : loaded 2 times (x 65B)
Class com.google.common.util.concurrent.AbstractFuture$Listener                       : loaded 2 times (x 68B)
Class kotlin.collections.ArraysKt__ArraysKt                                           : loaded 2 times (x 67B)
Class kotlin.TuplesKt                                                                 : loaded 2 times (x 67B)
Class kotlin.jvm.internal.markers.KMutableIterable                                    : loaded 2 times (x 66B)
Class kotlin.sequences.SequencesKt___SequencesJvmKt                                   : loaded 2 times (x 67B)
Class org.gradle.tooling.internal.adapter.ProtocolToModelAdapter$DefaultViewBuilder   : loaded 2 times (x 76B)
Class kotlin.Unit                                                                     : loaded 2 times (x 67B)
Class com.google.common.math.MathPreconditions                                        : loaded 2 times (x 67B)
Class com.google.common.collect.ArrayListMultimapGwtSerializationDependencies         : loaded 2 times (x 168B)
Class com.google.common.collect.Multiset                                              : loaded 2 times (x 66B)
Class [Lcom.android.builder.model.v2.ide.AaptOptions$Namespacing;                     : loaded 2 times (x 65B)
Class com.android.ide.common.gradle.Version$Companion$ParseState                      : loaded 2 times (x 66B)
Class org.objectweb.asm.Attribute                                                     : loaded 2 times (x 73B)
Class com.google.common.base.Supplier                                                 : loaded 2 times (x 66B)
Class kotlin.ranges.RangesKt                                                          : loaded 2 times (x 67B)
Class org.gradle.tooling.internal.adapter.ProtocolToModelAdapter$ViewGraphDetails$1   : loaded 2 times (x 73B)
Class org.gradle.internal.classloader.VisitableURLClassLoader                         : loaded 2 times (x 113B)
Class com.android.builder.model.v2.models.ProjectSyncIssues                           : loaded 2 times (x 66B)
Class com.google.common.collect.FluentIterable$3                                      : loaded 2 times (x 77B)
Class org.gradle.tooling.internal.adapter.ProtocolToModelAdapter$PropertyCachingMethodInvoker: loaded 2 times (x 72B)
Class kotlin.ResultKt                                                                 : loaded 2 times (x 67B)
Class com.google.common.collect.NullsFirstOrdering                                    : loaded 2 times (x 111B)
Class com.google.common.primitives.Ints                                               : loaded 2 times (x 67B)
Class com.android.builder.model.v2.CustomSourceDirectory                              : loaded 2 times (x 66B)
Class com.android.ide.common.repository.AgpVersion                                    : loaded 2 times (x 71B)
Class com.android.ide.common.repository.AgpVersion$Companion                          : loaded 2 times (x 67B)
Class com.google.common.util.concurrent.AbstractFuture$Waiter                         : loaded 2 times (x 68B)
Class kotlin.collections.ArraysUtilJVM                                                : loaded 2 times (x 67B)
Class kotlin.sequences.FlatteningSequence$iterator$1                                  : loaded 2 times (x 75B)
Class kotlin.jvm.functions.Function0                                                  : loaded 2 times (x 66B)
Class com.google.common.reflect.Reflection                                            : loaded 2 times (x 67B)
Class com.google.common.collect.FluentIterable$2                                      : loaded 2 times (x 77B)
Class org.gradle.tooling.model.idea.IdeaDependency                                    : loaded 2 times (x 66B)
Class com.google.common.base.Absent                                                   : loaded 2 times (x 76B)
Class org.gradle.api.internal.classpath.DefaultModuleRegistry$DefaultModule           : loaded 2 times (x 82B)
Class org.gradle.tooling.internal.adapter.ProtocolToModelAdapter$ViewKey              : loaded 2 times (x 68B)
Class org.objectweb.asm.FieldVisitor                                                  : loaded 2 times (x 73B)
Class com.google.common.collect.MapMakerInternalMap                                   : loaded 2 times (x 157B)
Class com.android.builder.model.v2.ide.AaptOptions                                    : loaded 2 times (x 66B)
Class [Lcom.android.builder.model.v2.ide.BytecodeTransformation;                      : loaded 2 times (x 65B)
Class com.google.common.collect.HashBiMap                                             : loaded 2 times (x 139B)
Class com.android.ide.common.gradle.Version$Companion                                 : loaded 2 times (x 67B)
Class com.google.common.base.Strings                                                  : loaded 2 times (x 67B)
Class com.google.common.collect.Sets                                                  : loaded 2 times (x 67B)
Class org.objectweb.asm.Handler                                                       : loaded 2 times (x 68B)
Class com.google.common.base.Ticker                                                   : loaded 2 times (x 68B)
Class com.google.common.base.Objects                                                  : loaded 2 times (x 67B)
Class jdk.internal.jimage.decompressor.ZipDecompressor                                : loaded 2 times (x 71B)
Class kotlin.collections.AbstractMutableList                                          : loaded 2 times (x 202B)
Class kotlin.jvm.functions.Function1                                                  : loaded 2 times (x 66B)
Class com.google.common.collect.FluentIterable$1                                      : loaded 2 times (x 77B)
Class org.gradle.internal.classloader.ClasspathUtil$1                                 : loaded 2 times (x 72B)
Class org.gradle.internal.time.DefaultTimer                                           : loaded 2 times (x 76B)
Class kotlin.collections.EmptyList                                                    : loaded 2 times (x 170B)
Class kotlin.collections.MapsKt__MapsJVMKt                                            : loaded 2 times (x 67B)
Class kotlin.collections.ArraysKt___ArraysKt$asSequence$$inlined$Sequence$1           : loaded 2 times (x 71B)
Class com.android.builder.model.v2.models.ndk.NativeModelBuilderParameter             : loaded 2 times (x 66B)
Class [Lcom.google.common.cache.LocalCache$Segment;                                   : loaded 2 times (x 65B)
Class [Lcom.google.common.cache.LocalCache$Strength;                                  : loaded 2 times (x 65B)
Class com.google.common.cache.CacheBuilder$1                                          : loaded 2 times (x 81B)
Class com.google.common.cache.CacheLoader$UnsupportedLoadingOperationException        : loaded 2 times (x 78B)
Class org.objectweb.asm.ClassWriter                                                   : loaded 2 times (x 102B)
Class kotlin.KotlinNothingValueException                                              : loaded 2 times (x 78B)
Class kotlin.jvm.functions.Function2                                                  : loaded 2 times (x 66B)
Class org.gradle.internal.classpath.DefaultClassPath$ImmutableUniqueList$Builder      : loaded 2 times (x 71B)
Class com.android.ide.common.gradle.Separator                                         : loaded 2 times (x 75B)
Class com.google.common.collect.AbstractMapBasedMultimap$KeySet$1                     : loaded 2 times (x 78B)
Class com.android.builder.model.v2.ide.AndroidGradlePluginProjectFlags$BooleanFlag    : loaded 2 times (x 75B)
Class org.gradle.internal.InternalTransformer                                         : loaded 2 times (x 66B)
Class com.google.common.collect.MapMakerInternalMap$WeakValueReference                : loaded 2 times (x 66B)
Class org.gradle.tooling.internal.adapter.ProtocolToModelAdapter                      : loaded 2 times (x 76B)
Class com.google.common.cache.LocalCache                                              : loaded 2 times (x 183B)
Class com.google.common.cache.CacheBuilder$2                                          : loaded 2 times (x 75B)
Class com.google.common.collect.ExplicitOrdering                                      : loaded 2 times (x 111B)
Class sync_studio_tooling7_byi3pnypqv63awel4xsguxoma                                  : loaded 2 times (x 175B)
Class kotlin.collections.MapsKt___MapsJvmKt                                           : loaded 2 times (x 67B)
Class org.gradle.tooling.internal.adapter.WeakIdentityHashMap$AbsentValueProvider     : loaded 2 times (x 66B)
Class com.google.common.util.concurrent.UncheckedExecutionException                   : loaded 2 times (x 78B)
Class com.android.builder.model.v2.ide.LibraryType                                    : loaded 2 times (x 75B)
Class [Lcom.android.builder.model.v2.ide.LibraryType;                                 : loaded 2 times (x 65B)
Class com.google.common.io.ByteSink$AsCharSink                                        : loaded 2 times (x 76B)
Class org.gradle.tooling.internal.adapter.CollectionMapper                            : loaded 2 times (x 69B)
Class com.google.common.collect.ArrayListMultimap                                     : loaded 2 times (x 168B)
Class com.google.common.cache.CacheBuilder$3                                          : loaded 2 times (x 68B)
Class org.gradle.tooling.model.kotlin.dsl.KotlinDslScriptModel                        : loaded 2 times (x 66B)
Class kotlin.text.CharsKt                                                             : loaded 2 times (x 67B)
Class kotlin.jvm.functions.Function4                                                  : loaded 2 times (x 66B)
Class kotlin.collections.EmptySet                                                     : loaded 2 times (x 118B)
Class kotlin.collections.CollectionsKt___CollectionsKt                                : loaded 2 times (x 67B)
Class kotlin.annotation.Target                                                        : loaded 2 times (x 66B)
Class kotlin.collections.AbstractIterator                                             : loaded 2 times (x 79B)
Class org.gradle.internal.exceptions.NonGradleCauseExceptionsHolder                   : loaded 2 times (x 66B)
Class org.gradle.tooling.model.idea.IdeaModuleDependency                              : loaded 2 times (x 66B)
Class org.gradle.tooling.internal.adapter.ViewBuilder                                 : loaded 2 times (x 66B)
Class com.google.common.util.concurrent.AbstractFuture$Trusted                        : loaded 2 times (x 66B)
Class com.google.common.base.Optional                                                 : loaded 2 times (x 76B)
Class kotlin.reflect.KCallable                                                        : loaded 2 times (x 66B)
Class kotlin.io.FilesKt__FilePathComponentsKt                                         : loaded 2 times (x 67B)
Class kotlin.io.TerminateException                                                    : loaded 2 times (x 78B)
Class com.google.common.util.concurrent.AbstractFuture$UnsafeAtomicHelper$1           : loaded 2 times (x 72B)
Class com.android.builder.model.v2.ide.CodeShrinker                                   : loaded 2 times (x 75B)
Class kotlin.collections.CollectionsKt__MutableCollectionsKt                          : loaded 2 times (x 67B)
Class com.google.common.cache.LocalCache$2                                            : loaded 2 times (x 138B)
Class com.google.common.base.Suppliers$MemoizingSupplier                              : loaded 2 times (x 75B)
Class com.android.builder.model.v2.ide.AndroidLibraryData                             : loaded 2 times (x 66B)
Class com.android.builder.model.v2.ide.ApiVersion                                     : loaded 2 times (x 66B)
Class com.android.ide.common.gradle.Version                                           : loaded 2 times (x 71B)
Class com.google.common.collect.CollectPreconditions                                  : loaded 2 times (x 67B)
Class gnu.trove.Equality                                                              : loaded 2 times (x 66B)
Class kotlin.text.StringsKt___StringsJvmKt                                            : loaded 2 times (x 67B)
Class kotlin.reflect.KDeclarationContainer                                            : loaded 2 times (x 66B)
Class kotlin.annotation.Retention                                                     : loaded 2 times (x 66B)
Class com.google.common.collect.Sets$ImprovedAbstractSet                              : loaded 2 times (x 131B)
Class com.android.builder.model.v2.ide.BytecodeTransformation                         : loaded 2 times (x 75B)
Class com.google.common.collect.MapMakerInternalMap$AbstractStrongKeyEntry            : loaded 2 times (x 76B)
Class com.google.common.reflect.TypeToken$SimpleTypeToken                             : loaded 2 times (x 69B)
Class org.gradle.tooling.model.UnsupportedMethodException                             : loaded 2 times (x 78B)
Class org.gradle.tooling.internal.adapter.ProtocolToModelAdapter$SupportedPropertyInvoker: loaded 2 times (x 72B)
Class [Lcom.google.common.collect.MapMakerInternalMap$Strength;                       : loaded 2 times (x 65B)
Class [Lcom.google.common.io.FileWriteMode;                                           : loaded 2 times (x 65B)
Class com.android.builder.model.v2.models.Versions$Version                            : loaded 2 times (x 66B)
Class com.google.common.collect.SortedMapDifference                                   : loaded 2 times (x 66B)
Class kotlin.io.FilesKt                                                               : loaded 2 times (x 67B)
Class kotlin.collections.MapsKt___MapsKt                                              : loaded 2 times (x 67B)
Class kotlin.collections.ArraysKt___ArraysKt                                          : loaded 2 times (x 67B)
Class kotlin.Pair                                                                     : loaded 2 times (x 68B)
Class kotlin.sequences.TransformingSequence$iterator$1                                : loaded 2 times (x 75B)
Class com.google.common.collect.Iterators$SingletonIterator                           : loaded 2 times (x 77B)
Class com.google.common.cache.LocalCache$1                                            : loaded 2 times (x 85B)
Class com.google.common.collect.SingletonImmutableBiMap                               : loaded 2 times (x 139B)
Class com.google.common.base.Ascii                                                    : loaded 2 times (x 67B)
Class com.google.common.collect.Iterables$4                                           : loaded 2 times (x 77B)
Class com.google.common.collect.MapMakerInternalMap$StrongKeyDummyValueSegment        : loaded 2 times (x 138B)
Class com.google.common.io.Files                                                      : loaded 2 times (x 67B)
Class com.google.common.cache.LocalCache$WriteThroughEntry                            : loaded 2 times (x 75B)
Class com.google.common.cache.LocalCache$HashIterator                                 : loaded 2 times (x 82B)
Class com.google.common.cache.LocalCache$EntryFactory                                 : loaded 2 times (x 79B)
Class gnu.trove.TObjectHashingStrategy                                                : loaded 2 times (x 66B)
Class kotlin.collections.MapsKt__MapWithDefaultKt                                     : loaded 2 times (x 67B)
Class org.gradle.tooling.internal.adapter.ProtocolToModelAdapter$ReflectionMethodInvoker: loaded 2 times (x 72B)
Class com.google.common.collect.HashBiMap$BiEntry                                     : loaded 2 times (x 79B)
Class Settings_gradle$1$1$1$1                                                         : loaded 2 times (x 70B)
Class org.gradle.internal.service.ServiceLocator                                      : loaded 2 times (x 66B)
Class kotlin.Result                                                                   : loaded 2 times (x 68B)
Class [Lorg.objectweb.asm.Type;                                                       : loaded 2 times (x 65B)
Class com.android.builder.model.v2.ide.TestInfo$Execution                             : loaded 2 times (x 75B)
Class kotlin.collections.CollectionsKt__IteratorsJVMKt                                : loaded 2 times (x 67B)
Class com.google.common.reflect.Types$NativeTypeVariableEquals                        : loaded 2 times (x 67B)
Class com.google.common.reflect.TypeParameter                                         : loaded 2 times (x 68B)
Class [Lcom.google.common.collect.MapMaker$Dummy;                                     : loaded 2 times (x 65B)
Class com.google.common.base.CharMatcher$Whitespace                                   : loaded 2 times (x 108B)
Class [Lcom.android.ide.common.gradle.Separator;                                      : loaded 2 times (x 65B)
Class com.google.common.cache.LocalCache$AbstractReferenceEntry                       : loaded 2 times (x 103B)
Class com.google.common.base.Splitter$1$1                                             : loaded 2 times (x 82B)
Class kotlin.text.StringsKt___StringsKt                                               : loaded 2 times (x 67B)
Class com.google.common.collect.NullsLastOrdering                                     : loaded 2 times (x 111B)
Class kotlin.collections.CollectionsKt__MutableCollectionsJVMKt                       : loaded 2 times (x 67B)
Class kotlin.comparisons.ComparisonsKt___ComparisonsJvmKt                             : loaded 2 times (x 67B)
Class kotlin.enums.EnumEntriesKt                                                      : loaded 2 times (x 67B)
Class com.google.common.base.MoreObjects                                              : loaded 2 times (x 67B)
Class com.google.common.collect.EmptyImmutableListMultimap                            : loaded 2 times (x 172B)
Class com.google.common.reflect.TypeResolver$TypeVariableKey                          : loaded 2 times (x 68B)
Class kotlin.enums.EnumEntriesList                                                    : loaded 2 times (x 219B)
Class com.google.common.collect.ImmutableMapKeySet                                    : loaded 2 times (x 148B)
Class kotlin.jvm.internal.FunctionBase                                                : loaded 2 times (x 66B)
Class com.android.builder.model.v2.models.VariantDependencies                         : loaded 2 times (x 66B)
Class org.objectweb.asm.SymbolTable                                                   : loaded 2 times (x 68B)
Class com.google.common.cache.CacheLoader$InvalidCacheLoadException                   : loaded 2 times (x 78B)
Class [Lkotlin.coroutines.intrinsics.CoroutineSingletons;                             : loaded 2 times (x 65B)
Class org.gradle.internal.classloader.SystemClassLoaderSpec                           : loaded 2 times (x 67B)
Class kotlin.jvm.internal.FunctionReference                                           : loaded 2 times (x 118B)
Class com.google.common.cache.CacheLoader$FunctionToCacheLoader                       : loaded 2 times (x 71B)
Class com.google.common.collect.ImmutableListMultimap                                 : loaded 2 times (x 172B)
Class com.google.common.reflect.Types$ParameterizedTypeImpl                           : loaded 2 times (x 77B)
Class com.google.common.collect.FluentIterable                                        : loaded 2 times (x 77B)
Class com.android.builder.model.v2.ide.TestedTargetVariant                            : loaded 2 times (x 66B)
Class com.google.common.cache.LocalCache$StrongEntry                                  : loaded 2 times (x 104B)
Class com.google.common.util.concurrent.AbstractFuture$TrustedFuture                  : loaded 2 times (x 110B)
Class com.google.common.cache.LoadingCache                                            : loaded 2 times (x 66B)
Class kotlin.ranges.IntRange$Companion                                                : loaded 2 times (x 67B)
Class kotlin.text.MatcherMatchResult$groups$1                                         : loaded 2 times (x 147B)
Class kotlin.collections.EmptyMap                                                     : loaded 2 times (x 105B)
Class kotlin.reflect.KAnnotatedElement                                                : loaded 2 times (x 66B)
Class kotlin.jvm.internal.markers.KMutableCollection                                  : loaded 2 times (x 66B)
Class kotlin.coroutines.intrinsics.IntrinsicsKt                                       : loaded 2 times (x 67B)
Class org.gradle.internal.exceptions.MultiCauseException                              : loaded 2 times (x 66B)
Class org.gradle.internal.time.CountdownTimer                                         : loaded 2 times (x 66B)
Class kotlin.jvm.internal.Intrinsics                                                  : loaded 2 times (x 67B)
Class org.gradle.internal.classloader.InstrumentingClassLoader                        : loaded 2 times (x 66B)
Class org.gradle.internal.classpath.TransformedClassPath                              : loaded 2 times (x 92B)
Class kotlin.text.Regex$Companion                                                     : loaded 2 times (x 67B)
Class com.google.common.cache.CacheBuilder$NullListener                               : loaded 2 times (x 78B)
Class org.objectweb.asm.FieldWriter                                                   : loaded 2 times (x 74B)
Class com.google.common.collect.MapMaker$Dummy                                        : loaded 2 times (x 75B)
Class com.google.common.reflect.Invokable                                             : loaded 2 times (x 99B)
Class com.google.common.io.ByteStreams$LimitedInputStream                             : loaded 2 times (x 88B)
Class com.google.common.base.Suppliers$NonSerializableMemoizingSupplier               : loaded 2 times (x 75B)
Class org.objectweb.asm.MethodWriter                                                  : loaded 2 times (x 102B)
Class [Lcom.google.common.cache.Weigher;                                              : loaded 2 times (x 65B)
Class jdk.internal.jimage.ImageReader$LinkNode                                        : loaded 2 times (x 80B)
Class kotlin.sequences.SequencesKt__SequencesKt$flatten$1                             : loaded 2 times (x 74B)
Class kotlin.collections.MapsKt                                                       : loaded 2 times (x 67B)
Class kotlin.collections.CollectionsKt__IterablesKt                                   : loaded 2 times (x 67B)
Class kotlin.coroutines.intrinsics.CoroutineSingletons                                : loaded 2 times (x 75B)
Class org.gradle.tooling.model.ProjectModel                                           : loaded 2 times (x 66B)
Class kotlin.collections.CollectionsKt__CollectionsKt                                 : loaded 2 times (x 67B)
Class kotlin.collections.ArraysKt___ArraysJvmKt                                       : loaded 2 times (x 67B)
Class com.google.common.collect.AllEqualOrdering                                      : loaded 2 times (x 110B)
Class com.google.common.collect.ComparisonChain$1                                     : loaded 2 times (x 77B)
Class kotlin.text.StringsKt__RegexExtensionsJVMKt                                     : loaded 2 times (x 67B)
Class com.google.common.base.Splitter$1                                               : loaded 2 times (x 73B)
Class com.google.common.collect.AbstractMapBasedMultimap$RandomAccessWrappedList      : loaded 2 times (x 201B)
Class com.google.common.collect.ImmutableMultimap$1                                   : loaded 2 times (x 78B)
Class com.android.ide.common.gradle.Version$Companion$ParseState$EMPTY                : loaded 2 times (x 70B)
Class jdk.internal.jimage.decompressor.CompressedResourceHeader                       : loaded 2 times (x 67B)
Class kotlin.ranges.OpenEndRange                                                      : loaded 2 times (x 66B)
Class kotlin.sequences.SequenceBuilderIterator                                        : loaded 2 times (x 81B)
Class kotlin.KotlinNullPointerException                                               : loaded 2 times (x 79B)
Class com.google.common.collect.MapDifference                                         : loaded 2 times (x 66B)
Class com.google.common.cache.LocalCache$Strength$3                                   : loaded 2 times (x 77B)
Class com.android.builder.model.v2.ide.AbstractArtifact                               : loaded 2 times (x 66B)
Class com.google.common.collect.AbstractIterator$State                                : loaded 2 times (x 75B)
Class com.google.common.reflect.Types$JavaVersion$1                                   : loaded 2 times (x 79B)
Class com.google.common.collect.ImmutableMultimap$2                                   : loaded 2 times (x 77B)
Class com.android.ide.common.repository.AgpVersion$Companion$WhenMappings             : loaded 2 times (x 67B)
Class com.google.common.collect.RegularImmutableBiMap                                 : loaded 2 times (x 145B)
Class com.google.common.cache.LocalCache$ValueReference                               : loaded 2 times (x 66B)
Class com.google.common.collect.TransformedIterator                                   : loaded 2 times (x 76B)
Class com.google.common.collect.Interner                                              : loaded 2 times (x 66B)
Class kotlin.sequences.SequencesKt__SequencesKt$flatten$3                             : loaded 2 times (x 74B)
Class kotlin.ranges.RangesKt___RangesKt                                               : loaded 2 times (x 67B)
Class org.gradle.tooling.model.idea.IdeaLanguageLevel                                 : loaded 2 times (x 66B)
Class org.gradle.tooling.internal.adapter.ProtocolToModelAdapter$SafeMethodInvoker    : loaded 2 times (x 72B)
Class org.gradle.tooling.internal.adapter.WeakIdentityHashMap$WeakKey                 : loaded 2 times (x 75B)
Class org.gradle.internal.exceptions.DefaultMultiCauseException                       : loaded 2 times (x 91B)
Class com.google.common.collect.Interners$InternerImpl                                : loaded 2 times (x 71B)
Class com.google.common.io.ByteStreams                                                : loaded 2 times (x 67B)
Class jdk.internal.jrtfs.JrtFileStore                                                 : loaded 2 times (x 79B)
Class com.google.common.reflect.Types$JavaVersion$2                                   : loaded 2 times (x 79B)
Class com.google.common.reflect.Types                                                 : loaded 2 times (x 67B)
Class com.google.common.hash.PrimitiveSink                                            : loaded 2 times (x 66B)
Class com.android.builder.model.v2.ide.ProjectInfo                                    : loaded 2 times (x 66B)
Class com.google.common.base.PatternCompiler                                          : loaded 2 times (x 66B)
Class com.google.common.util.concurrent.AbstractFuture$Failure                        : loaded 2 times (x 68B)
Class com.google.common.base.Equivalence$Equals                                       : loaded 2 times (x 78B)
Class com.google.common.collect.Hashing                                               : loaded 2 times (x 67B)
Class org.gradle.tooling.model.Dependency                                             : loaded 2 times (x 66B)
Class kotlin.text.CharsKt__CharKt                                                     : loaded 2 times (x 67B)
Class kotlin.collections.ArraysKt                                                     : loaded 2 times (x 67B)
Class kotlin.collections.ArrayDeque$Companion                                         : loaded 2 times (x 67B)
Class org.gradle.tooling.model.HierarchicalElement                                    : loaded 2 times (x 66B)
Class org.gradle.api.JavaVersion                                                      : loaded 2 times (x 75B)
Class com.google.common.cache.LocalCache$Strength$2                                   : loaded 2 times (x 77B)
Class com.google.common.util.concurrent.SettableFuture                                : loaded 2 times (x 110B)
Class com.google.common.reflect.Types$ClassOwnership$3                                : loaded 2 times (x 67B)
Class com.google.common.cache.LocalCache$Strength$1                                   : loaded 2 times (x 77B)
Class org.objectweb.asm.ModuleVisitor                                                 : loaded 2 times (x 77B)
Class com.google.common.collect.Sets$4                                                : loaded 2 times (x 135B)
Class com.google.common.collect.MapMakerInternalMap$StrongValueEntry                  : loaded 2 times (x 66B)
Class com.google.common.reflect.TypeResolver                                          : loaded 2 times (x 68B)
Class com.google.common.reflect.Types$JavaVersion$3                                   : loaded 2 times (x 79B)
Class com.google.common.io.CharSink                                                   : loaded 2 times (x 75B)
Class com.android.builder.model.v2.dsl.DependenciesInfo                               : loaded 2 times (x 66B)
Class com.google.common.reflect.Types$ClassOwnership$2                                : loaded 2 times (x 76B)
Class org.objectweb.asm.Label                                                         : loaded 2 times (x 69B)
Class org.objectweb.asm.CurrentFrame                                                  : loaded 2 times (x 69B)
Class org.objectweb.asm.ClassTooLargeException                                        : loaded 2 times (x 79B)
Class com.google.common.io.ByteArrayDataInput                                         : loaded 2 times (x 66B)
Class org.gradle.internal.service.UnknownServiceException                             : loaded 2 times (x 79B)
Class com.google.common.collect.ByFunctionOrdering                                    : loaded 2 times (x 111B)
Class kotlin.collections.SetsKt__SetsKt                                               : loaded 2 times (x 67B)
Class kotlin.coroutines.EmptyCoroutineContext                                         : loaded 2 times (x 73B)
Class org.gradle.internal.time.Time                                                   : loaded 2 times (x 67B)
Class kotlin.collections.CollectionsKt___CollectionsKt$asSequence$$inlined$Sequence$1 : loaded 2 times (x 71B)
Class com.google.common.base.AbstractIterator$State                                   : loaded 2 times (x 75B)
Class com.google.common.cache.LocalCache$LocalLoadingCache                            : loaded 2 times (x 130B)
Class com.google.common.util.concurrent.AbstractFuture$SafeAtomicHelper               : loaded 2 times (x 75B)
Class com.google.common.collect.Sets$3                                                : loaded 2 times (x 135B)
Class [Lorg.objectweb.asm.AnnotationVisitor;                                          : loaded 2 times (x 65B)
Class com.google.common.collect.MapMakerInternalMap$Strength$2                        : loaded 2 times (x 76B)
Class com.google.common.reflect.Types$JavaVersion$4                                   : loaded 2 times (x 79B)
Class com.google.common.collect.MapMakerInternalMap$InternalEntryHelper               : loaded 2 times (x 66B)
Class com.google.common.reflect.Types$ClassOwnership$1                                : loaded 2 times (x 76B)
Class com.google.common.collect.Table                                                 : loaded 2 times (x 66B)
Class com.android.ide.common.repository.AgpVersion$PreviewKind                        : loaded 2 times (x 75B)
Class com.android.builder.model.v2.models.ProjectGraph                                : loaded 2 times (x 66B)
Class com.google.common.collect.Maps$IteratorBasedAbstractMap                         : loaded 2 times (x 121B)
Class com.android.ide.common.gradle.Version$Companion$ParseState$NUMERIC              : loaded 2 times (x 70B)
Class org.gradle.api.internal.ClassPathProvider                                       : loaded 2 times (x 66B)
Class org.objectweb.asm.Frame                                                         : loaded 2 times (x 69B)
Class org.objectweb.asm.MethodVisitor                                                 : loaded 2 times (x 101B)
Class com.google.common.cache.LocalCache$EntryFactory$1                               : loaded 2 times (x 79B)
Class [Lcom.google.common.cache.RemovalListener;                                      : loaded 2 times (x 65B)
Class [Lorg.gradle.api.internal.ClassPathProvider;                                    : loaded 2 times (x 65B)
Class org.gradle.tooling.ToolingModelContract                                         : loaded 2 times (x 66B)
Class kotlin.collections.ArraysKt__ArraysJVMKt                                        : loaded 2 times (x 67B)
Class kotlin.sequences.Sequence                                                       : loaded 2 times (x 66B)
Class kotlin.sequences.SequenceScope                                                  : loaded 2 times (x 69B)
Class kotlin.text.MatchResult                                                         : loaded 2 times (x 66B)
Class com.google.common.collect.NaturalOrdering                                       : loaded 2 times (x 111B)
Class kotlin.text.StringsKt__StringNumberConversionsJVMKt                             : loaded 2 times (x 67B)
Class com.google.common.reflect.Types$JavaVersion$5                                   : loaded 2 times (x 67B)
Class [Lcom.google.common.reflect.Types$ClassOwnership;                               : loaded 2 times (x 65B)
Class com.google.common.collect.Sets$2                                                : loaded 2 times (x 135B)
Class com.google.common.cache.LocalCache$EntryFactory$2                               : loaded 2 times (x 79B)
Class kotlin.text.StringsKt__StringBuilderKt                                          : loaded 2 times (x 67B)
Class kotlin.jvm.internal.CallableReference$NoReceiver                                : loaded 2 times (x 67B)
Class org.gradle.api.internal.classpath.GlobalCacheRootsProvider                      : loaded 2 times (x 66B)
Class com.android.builder.model.v2.models.BasicAndroidProject                         : loaded 2 times (x 66B)
Class com.google.common.collect.Maps$ViewCachingAbstractMap                           : loaded 2 times (x 121B)
Class com.google.common.collect.MapMakerInternalMap$Strength$1                        : loaded 2 times (x 76B)
Class org.gradle.api.internal.DefaultClassPathProvider                                : loaded 2 times (x 72B)
Class com.google.common.collect.ComparatorOrdering                                    : loaded 2 times (x 111B)
Class kotlin.jvm.internal.ArrayIteratorKt                                             : loaded 2 times (x 67B)
Class com.google.common.base.Splitter                                                 : loaded 2 times (x 68B)
Class org.objectweb.asm.AnnotationVisitor                                             : loaded 2 times (x 74B)
Class com.google.common.collect.CollectCollectors                                     : loaded 2 times (x 67B)
Class org.objectweb.asm.ModuleWriter                                                  : loaded 2 times (x 78B)
Class com.google.common.cache.LocalCache$EntryFactory$3                               : loaded 2 times (x 79B)
Class com.google.common.base.Ticker$1                                                 : loaded 2 times (x 68B)
Class com.google.common.collect.Maps$BiMapConverter                                   : loaded 2 times (x 86B)
Class com.google.common.collect.Sets$1                                                : loaded 2 times (x 135B)
Class kotlin.NoWhenBranchMatchedException                                             : loaded 2 times (x 78B)
Class org.gradle.tooling.model.BuildIdentifier                                        : loaded 2 times (x 66B)
Class com.android.ide.common.gradle.Numeric                                           : loaded 2 times (x 73B)
Class com.google.common.collect.Iterators$EmptyModifiableIterator                     : loaded 2 times (x 82B)
Class org.gradle.tooling.internal.gradle.DefaultProjectIdentifier                     : loaded 2 times (x 82B)
Class Settings_gradle$1$1$1                                                           : loaded 2 times (x 70B)
Class kotlin.text.StringsKt__AppendableKt                                             : loaded 2 times (x 67B)
Class com.android.builder.model.v2.ide.VectorDrawablesOptions                         : loaded 2 times (x 66B)
Class com.google.common.cache.LocalCache$EntryFactory$4                               : loaded 2 times (x 79B)
Class com.google.common.collect.ImmutableEnumMap                                      : loaded 2 times (x 122B)
Class com.google.common.collect.ListMultimap                                          : loaded 2 times (x 66B)
Class com.android.builder.model.v2.models.AndroidDsl                                  : loaded 2 times (x 66B)
Class org.gradle.api.internal.classpath.EffectiveClassPath                            : loaded 2 times (x 86B)
Class kotlin.sequences.SequencesKt___SequencesKt$flatMap$2                            : loaded 2 times (x 121B)
Class com.google.common.collect.Ordering                                              : loaded 2 times (x 110B)
Class [Lcom.android.ide.common.repository.AgpVersion$PreviewKind;                     : loaded 2 times (x 65B)
Class sync_studio_tooling3535_e341vnu1m727o8i5uql9da9in                               : loaded 2 times (x 175B)
Class com.google.common.io.ByteStreams$1                                              : loaded 2 times (x 81B)
Class com.android.builder.model.v2.ide.Edge                                           : loaded 2 times (x 66B)
Class com.android.builder.model.v2.models.VariantDependenciesFlatList                 : loaded 2 times (x 66B)
Class com.google.common.cache.LocalCache$EntryFactory$5                               : loaded 2 times (x 79B)
Class com.google.common.collect.ReverseOrdering                                       : loaded 2 times (x 111B)
Class org.gradle.tooling.model.build.JavaEnvironment                                  : loaded 2 times (x 66B)
Class jdk.internal.jrtfs.ExplodedImage                                                : loaded 2 times (x 73B)
Class org.gradle.internal.classloader.ClassLoaderVisitor                              : loaded 2 times (x 72B)
Class kotlin.collections.AbstractList$Companion                                       : loaded 2 times (x 67B)
Class kotlin.sequences.SequencesKt___SequencesKt                                      : loaded 2 times (x 67B)
Class com.android.builder.model.v2.ide.SourceSetContainer                             : loaded 2 times (x 66B)
Class com.google.common.cache.LocalCache$EntryFactory$6                               : loaded 2 times (x 79B)
Class org.gradle.internal.time.Timer                                                  : loaded 2 times (x 66B)
Class kotlin.jvm.internal.markers.KMappedMarker                                       : loaded 2 times (x 66B)
Class org.gradle.internal.installation.CurrentGradleInstallationLocator               : loaded 2 times (x 67B)
Class kotlin.text.MatcherMatchResult$groupValues$1                                    : loaded 2 times (x 194B)
Class com.google.common.collect.ReverseNaturalOrdering                                : loaded 2 times (x 110B)
Class com.google.common.collect.ImmutableMultimap$Builder                             : loaded 2 times (x 82B)
Class com.android.builder.model.v2.ide.LintOptions                                    : loaded 2 times (x 66B)
Class com.google.common.collect.Maps$KeySet                                           : loaded 2 times (x 133B)
Class com.google.common.cache.LocalCache$EntryFactory$7                               : loaded 2 times (x 79B)
Class com.google.common.collect.ImmutableSet$EmptySetBuilderImpl                      : loaded 2 times (x 72B)
Class com.google.common.base.CharMatcher$None                                         : loaded 2 times (x 108B)
Class org.gradle.tooling.internal.adapter.ProtocolToModelAdapter$ViewGraphDetails     : loaded 2 times (x 68B)
Class org.gradle.tooling.model.idea.IdeaProject                                       : loaded 2 times (x 66B)
Class org.gradle.tooling.model.DomainObjectSet                                        : loaded 2 times (x 66B)
Class org.gradle.internal.service.DefaultServiceLocator                               : loaded 2 times (x 79B)
Class [Lcom.google.common.collect.AbstractIterator$State;                             : loaded 2 times (x 65B)
Class org.gradle.internal.classloader.DefaultClassLoaderFactory                       : loaded 2 times (x 78B)
Class com.google.common.base.Suppliers                                                : loaded 2 times (x 67B)
Class [Lcom.google.common.cache.CacheBuilder$OneWeigher;                              : loaded 2 times (x 65B)
Class org.objectweb.asm.MethodTooLargeException                                       : loaded 2 times (x 79B)
Class com.google.common.base.Platform$JdkPatternCompiler                              : loaded 2 times (x 71B)
Class com.google.common.collect.MapMakerInternalMap$Strength                          : loaded 2 times (x 76B)
Class com.google.common.collect.MapMakerInternalMap$StrongKeyDummyValueEntry$LinkedStrongKeyDummyValueEntry: loaded 2 times (x 78B)
Class com.google.common.cache.LocalCache$SoftValueReference                           : loaded 2 times (x 93B)
Class com.google.common.collect.Maps$EntrySet                                         : loaded 2 times (x 132B)
Class com.google.common.collect.ImmutableMultimap$EntryCollection                     : loaded 2 times (x 124B)
Class com.android.builder.model.v2.ide.BasicArtifact                                  : loaded 2 times (x 66B)
Class com.google.common.cache.LocalCache$EntryFactory$8                               : loaded 2 times (x 79B)
Class org.gradle.internal.operations.MultipleBuildOperationFailures                   : loaded 2 times (x 91B)
Class com.google.common.collect.ComparisonChain$InactiveComparisonChain               : loaded 2 times (x 76B)
Class kotlin.coroutines.jvm.internal.SuspendFunction                                  : loaded 2 times (x 66B)
Class org.gradle.util.GradleVersion                                                   : loaded 2 times (x 79B)
Class org.gradle.internal.installation.CurrentGradleInstallation                      : loaded 2 times (x 69B)
Class org.gradle.tooling.internal.adapter.MethodInvocation                            : loaded 2 times (x 81B)
Class kotlin.sequences.TransformingSequence                                           : loaded 2 times (x 71B)
Class jdk.internal.jimage.decompressor.StringSharingDecompressorFactory               : loaded 2 times (x 70B)
Class org.objectweb.asm.ClassVisitor                                                  : loaded 2 times (x 84B)
Class [Lorg.objectweb.asm.Symbol;                                                     : loaded 2 times (x 65B)
Class com.android.utils.FileUtils                                                     : loaded 2 times (x 67B)
Class com.android.builder.model.v2.ide.AaptOptions$Namespacing                        : loaded 2 times (x 75B)
Class com.google.common.cache.CacheLoader$1                                           : loaded 2 times (x 71B)
Class com.google.common.collect.TransformedListIterator                               : loaded 2 times (x 89B)
Class com.google.common.reflect.TypeCapture                                           : loaded 2 times (x 67B)
Class kotlin.jvm.internal.Ref$BooleanRef                                              : loaded 2 times (x 67B)
Class kotlin.jvm.internal.StringCompanionObject                                       : loaded 2 times (x 67B)
Class kotlin.coroutines.intrinsics.IntrinsicsKt__IntrinsicsJvmKt                      : loaded 2 times (x 67B)
Class kotlin.coroutines.jvm.internal.CoroutineStackFrame                              : loaded 2 times (x 66B)
Class org.gradle.tooling.internal.adapter.ProtocolToModelAdapter$MethodInvocationCache$MethodInvocationKey: loaded 2 times (x 69B)
Class org.gradle.util.internal.GUtil                                                  : loaded 2 times (x 67B)
Class com.google.common.cache.LocalCache$Values                                       : loaded 2 times (x 114B)
Class org.gradle.tooling.internal.adapter.TargetTypeProvider                          : loaded 2 times (x 66B)
Class kotlin.ranges.IntProgression$Companion                                          : loaded 2 times (x 67B)
Class com.android.builder.model.v2.ide.AndroidArtifact                                : loaded 2 times (x 66B)
Class com.google.common.io.ByteArrayDataOutput                                        : loaded 2 times (x 66B)
Class org.gradle.api.internal.classpath.ManifestUtil                                  : loaded 2 times (x 67B)
Class org.gradle.tooling.internal.adapter.ProtocolToModelAdapter$InvocationHandlerImpl: loaded 2 times (x 73B)
Class org.gradle.tooling.model.build.GradleEnvironment                                : loaded 2 times (x 66B)
Class com.google.common.util.concurrent.ExecutionError                                : loaded 2 times (x 78B)
Class com.google.common.io.ByteSource                                                 : loaded 2 times (x 80B)
Class com.android.utils.StringHelper                                                  : loaded 2 times (x 67B)
Class com.google.common.util.concurrent.AbstractFuture$SetFuture                      : loaded 2 times (x 71B)
Class com.google.common.cache.AbstractCache$StatsCounter                              : loaded 2 times (x 66B)
Class kotlin.io.NoSuchFileException                                                   : loaded 2 times (x 78B)
Class kotlin.collections.CollectionsKt                                                : loaded 2 times (x 67B)
Class com.google.common.collect.ImmutableEnumSet                                      : loaded 2 times (x 142B)
Class com.android.builder.model.v2.models.VariantDependenciesAdjacencyList            : loaded 2 times (x 66B)
Class com.google.common.reflect.Types$TypeVariableImpl                                : loaded 2 times (x 68B)
Class com.google.common.collect.MapMakerInternalMap$1                                 : loaded 2 times (x 79B)
Class com.android.builder.model.v2.dsl.BuildType                                      : loaded 2 times (x 66B)
Class com.google.common.collect.AbstractMapBasedMultimap$WrappedCollection            : loaded 2 times (x 120B)
Class org.gradle.internal.classloader.ClassLoaderHierarchy                            : loaded 2 times (x 66B)
Class kotlin.ranges.IntProgressionIterator                                            : loaded 2 times (x 78B)
Class kotlin.coroutines.CoroutineContext                                              : loaded 2 times (x 66B)
Class kotlin.coroutines.jvm.internal.DebugProbesKt                                    : loaded 2 times (x 67B)
Class org.gradle.tooling.internal.adapter.WeakIdentityHashMap                         : loaded 2 times (x 72B)
Class org.gradle.tooling.GradleConnectionException                                    : loaded 2 times (x 79B)
Class org.gradle.tooling.internal.adapter.ProtocolToModelAdapter$1                    : loaded 2 times (x 71B)
Class org.gradle.tooling.internal.adapter.ProtocolToModelAdapter$ViewDecoration       : loaded 2 times (x 66B)
Class org.gradle.internal.installation.GradleInstallation                             : loaded 2 times (x 71B)
Class kotlin.sequences.SequencesKt__SequenceBuilderKt                                 : loaded 2 times (x 67B)
Class kotlin.collections.CollectionsKt__ReversedViewsKt                               : loaded 2 times (x 67B)
Class kotlin.jvm.internal.CollectionToArray                                           : loaded 2 times (x 67B)
Class kotlin.io.FilesKt__FileTreeWalkKt                                               : loaded 2 times (x 67B)
Class kotlin.sequences.FilteringSequence$iterator$1                                   : loaded 2 times (x 75B)
Class [Lcom.google.common.base.AbstractIterator$State;                                : loaded 2 times (x 65B)
Class com.google.common.base.Splitter$Strategy                                        : loaded 2 times (x 66B)
Class jdk.internal.jimage.decompressor.ResourceDecompressor$StringsProvider           : loaded 2 times (x 66B)
Class com.google.common.collect.ForwardingCollection                                  : loaded 2 times (x 126B)
Class com.google.common.collect.LexicographicalOrdering                               : loaded 2 times (x 111B)
Class org.gradle.tooling.internal.adapter.MethodInvoker                               : loaded 2 times (x 66B)
Class com.google.common.io.FileWriteMode                                              : loaded 2 times (x 75B)
Class [Lcom.google.common.collect.MapMakerInternalMap$Segment;                        : loaded 2 times (x 65B)
Class com.google.common.cache.LocalCache$ValueIterator                                : loaded 2 times (x 82B)
Class org.gradle.internal.classloader.FilteringClassLoader                            : loaded 2 times (x 101B)
Class kotlin.NotImplementedError                                                      : loaded 2 times (x 78B)
Class kotlin.sequences.FlatteningSequence                                             : loaded 2 times (x 71B)
Class kotlin.text.MatcherMatchResult                                                  : loaded 2 times (x 76B)
Class kotlin.text.MatchGroupCollection                                                : loaded 2 times (x 66B)
Class kotlin.text.StringsKt__StringsKt                                                : loaded 2 times (x 67B)
Class com.google.common.base.Equivalence$Identity                                     : loaded 2 times (x 78B)
Class com.google.common.base.PairwiseEquivalence                                      : loaded 2 times (x 79B)
Class com.android.ide.common.gradle.Part                                              : loaded 2 times (x 73B)
Class com.android.builder.model.v2.ide.ViewBindingOptions                             : loaded 2 times (x 66B)
Class kotlin.ranges.IntProgression                                                    : loaded 2 times (x 77B)
Class kotlin.jvm.KotlinReflectionNotSupportedError                                    : loaded 2 times (x 78B)
Class org.gradle.tooling.model.gradle.GradleScript                                    : loaded 2 times (x 66B)

---------------  S Y S T E M  ---------------

OS:
 Windows 11 , 64 bit Build 22621 (10.0.22621.4974)
OS uptime: 1 days 3:04 hours

CPU: total 8 (initial active 8) (4 cores per cpu, 2 threads per core) family 6 model 140 stepping 2 microcode 0x16, cx8, cmov, fxsr, ht, mmx, 3dnowpref, sse, sse2, sse3, ssse3, sse4.1, sse4.2, popcnt, lzcnt, tsc, tscinvbit, avx, avx2, aes, erms, clmul, bmi1, bmi2, adx, avx512f, avx512dq, avx512cd, avx512bw, avx512vl, sha, fma, vzeroupper, avx512_vpopcntdq, avx512_vpclmulqdq, avx512_vaes, avx512_vnni, clflush, clflushopt, clwb, avx512_vbmi2, avx512_vbmi, rdtscp, rdpid, fsrm, gfni, avx512_bitalg, f16c, pku, cet_ibt, cet_ss, avx512_ifma
Processor Information for the first 8 processors :
  Max Mhz: 2496, Current Mhz: 2496, Mhz Limit: 2496

Memory: 4k page, system-wide physical 7975M (491M free)
TotalPageFile size 23335M (AvailPageFile size 385M)
current process WorkingSet (physical memory assigned to process): 562M, peak: 685M
current process commit charge ("private bytes"): 1279M, peak: 1783M

vm_info: OpenJDK 64-Bit Server VM (21.0.6+-13368085-b895.109) for windows-amd64 JRE (21.0.6+-13368085-b895.109), built on 2025-04-16T17:01:31Z by "builder" with MS VC++ 16.10 / 16.11 (VS2019)

END.
